actor,movie_or_TV_name
Leonardo DiCaprio,Conquest
Leonardo DiCaprio,Leonardo da Vinci
Leonardo DiCaprio,Untitled Paul Thomas Anderson Film
Leonardo DiCaprio,The Wager
Leonardo DiCaprio,Another Round
Leonardo DiCaprio,Jim Jones
Leonardo DiCaprio,The Black Hand
Leonardo DiCaprio,Titanic: Stories From the Heart
Leonardo DiCaprio,Killers of the Flower Moon
Leonardo DiCaprio,Man on the Run
Leonardo DiCaprio,Avatar: The Deep Dive - A Special Edition of 20/20
Leonardo DiCaprio,We Are Cinema
Leonardo DiCaprio,Don't Look Up
Leonardo DiCaprio,The Savior for Sale
Leonardo DiCaprio,Adele One Night Only
Leonardo DiCaprio,Clint Eastwood: A Cinematic Legacy
Leonardo DiCaprio,The Lost Leonardo
Leonardo DiCaprio,kid 90
Leonardo DiCaprio,Leonardo DiCaprio: Most Wanted!
Leonardo DiCaprio,"Whose Vote Counts, Explained"
Leonardo DiCaprio,The Last Dance
Leonardo DiCaprio,A Love Letter To Making Movies
Leonardo DiCaprio,Teslafy Me
Leonardo DiCaprio,QT8: The First Eight
Leonardo DiCaprio,The Curse of Don's Plum
Leonardo DiCaprio,Once Upon a Time… in Hollywood
Leonardo DiCaprio,Ice on Fire
Leonardo DiCaprio,And We Go Green
Leonardo DiCaprio,Patriot Act with Hasan Minhaj
Leonardo DiCaprio,Ryuichi Sakamoto: Coda
Leonardo DiCaprio,Spielberg
Leonardo DiCaprio,Before the Flood
Leonardo DiCaprio,Koko: The Gorilla Who Talks to People
Leonardo DiCaprio,A World Unseen: 'The Revenant'
Leonardo DiCaprio,The Revenant
Leonardo DiCaprio,The Audition
Leonardo DiCaprio,Scorsese's Goodfellas
Leonardo DiCaprio,The Wolf Pack
Leonardo DiCaprio,The Wolf of Wall Street
Leonardo DiCaprio,The Great Gatsby
Leonardo DiCaprio,Django Unchained
Leonardo DiCaprio,Reflections on Titanic
Leonardo DiCaprio,Final Cut: Ladies and Gentlemen
Leonardo DiCaprio,J. Edgar
Leonardo DiCaprio,The Love We Make
Leonardo DiCaprio,Dreams: Cinema of the Subconscious
Leonardo DiCaprio,Inception: The Cobol Job
Leonardo DiCaprio,Inception
Leonardo DiCaprio,Shutter Island: Into the Lighthouse
Leonardo DiCaprio,Hubble
Leonardo DiCaprio,Shutter Island
Leonardo DiCaprio,Live from Studio Five
Leonardo DiCaprio,Revolutionary Road
Leonardo DiCaprio,Body of Lies
Leonardo DiCaprio,Markus Lanz
Leonardo DiCaprio,Notes on an American Film Director at Work
Leonardo DiCaprio,The 11th Hour
Leonardo DiCaprio,Everything's Cool
Leonardo DiCaprio,"Stranger Than Fiction: The True Story of Whitey Bulger, Southie and 'The Departed'"
Leonardo DiCaprio,Blood Diamond
Leonardo DiCaprio,The Departed
Leonardo DiCaprio,Earth to America
Leonardo DiCaprio,A Concert for Hurricane Relief
Leonardo DiCaprio,The Aviator
Leonardo DiCaprio,Celebrities Uncensored
Leonardo DiCaprio,Catch Me If You Can: Behind the Camera
Leonardo DiCaprio,Catch Me If You Can
Leonardo DiCaprio,Gangs of New York
Leonardo DiCaprio,The Concert for New York City
Leonardo DiCaprio,Don's Plum
Leonardo DiCaprio,Portrait of Leonardo: The Kid Who Took Hollywood
Leonardo DiCaprio,The Beach
Leonardo DiCaprio,Hangin' with Leo!!
Leonardo DiCaprio,The Early Show
Leonardo DiCaprio,Teen Choice Awards
Leonardo DiCaprio,Celebrity
Leonardo DiCaprio,The Man in the Iron Mask
Leonardo DiCaprio,Titanic
Leonardo DiCaprio,Taff
Leonardo DiCaprio,Marvin's Room
Leonardo DiCaprio,Romeo + Juliet
Leonardo DiCaprio,Critics' Choice Movie Awards
Leonardo DiCaprio,Total Eclipse
Leonardo DiCaprio,The Basketball Diaries
Leonardo DiCaprio,The Quick and the Dead
Leonardo DiCaprio,X-Girl
Leonardo DiCaprio,The Foot Shooting Party
Leonardo DiCaprio,What's Eating Gilbert Grape
Leonardo DiCaprio,This Boy's Life
Leonardo DiCaprio,GMTV
Leonardo DiCaprio,HBO First Look
Leonardo DiCaprio,The Tonight Show with Jay Leno
Leonardo DiCaprio,Poison Ivy
Leonardo DiCaprio,Critters 3
Leonardo DiCaprio,Parenthood
Leonardo DiCaprio,The Outsiders
Leonardo DiCaprio,The New Lassie
Leonardo DiCaprio,"Mickey's Safety Club: Street Safe, Street Smart"
Leonardo DiCaprio,Roseanne
Leonardo DiCaprio,Growing Pains
Leonardo DiCaprio,Santa Barbara
Leonardo DiCaprio,"Wetten, dass..?"
Leonardo DiCaprio,Saturday Night Live
Leonardo DiCaprio,The Oscars
Leonardo DiCaprio,Romper Room
Leonardo DiCaprio,Today
Daniel Girondeaud,Overdose
Daniel Girondeaud,A Butterfly Kiss
Daniel Girondeaud,Inception
Daniel Girondeaud,It Begins with the End
Shannon Welles,The Guest Book
Shannon Welles,Angie Tribeca
Shannon Welles,Eagleheart: Paradise Rising
Shannon Welles,Crawlspace
Shannon Welles,Veep
Shannon Welles,GCB
Shannon Welles,Inception
Shannon Welles,Infomercials
Shannon Welles,Community
Shannon Welles,Rules of Engagement
Shannon Welles,Sons & Daughters
Shannon Welles,Ghost Whisperer
Shannon Welles,Medium
Shannon Welles,Cold Case
Shannon Welles,Scrubs
Shannon Welles,Air Rage
Shannon Welles,A Family in Crisis: The Elian Gonzales Story
Shannon Welles,Son of the Beach
Shannon Welles,Forces of Nature
Shannon Welles,Angel's Dance
Shannon Welles,Becker
Shannon Welles,The Midas Touch
Shannon Welles,Ally McBeal
Shannon Welles,Buffy the Vampire Slayer
Shannon Welles,"Sabrina, the Teenage Witch"
Shannon Welles,Raging Angels
Shannon Welles,Last Man Standing
Shannon Welles,Boy Meets World
Shannon Welles,Saved by the Bell: The New Class
Jack Gilroy,Turnover
Jack Gilroy,Naked Run
Jack Gilroy,Inception
Jack Gilroy,The American President
Jason Tendell,Inception
Lisa Reynolds,White Chamber
Lisa Reynolds,Inception
Lisa Reynolds,Mamma Mia!
Andrew Pleavin,American Assassin
Andrew Pleavin,A Royal Winter
Andrew Pleavin,High Strung
Andrew Pleavin,London Has Fallen
Andrew Pleavin,300: Rise of an Empire
Andrew Pleavin,Inception
Andrew Pleavin,Witchville
Andrew Pleavin,Blood: The Last Vampire
Andrew Pleavin,The Last Chance
Andrew Pleavin,Return to House on Haunted Hill
Andrew Pleavin,300
Andrew Pleavin,Attack of the Gryphon
Andrew Pleavin,A Good Murder
Andrew Pleavin,Batman Begins
Andrew Pleavin,Unstoppable
Andrew Pleavin,Messiah
Andrew Pleavin,The Bombmaker
Andrew Pleavin,Attila
Andrew Pleavin,Attila
Andrew Pleavin,Heartbeat
Felix Scott,The Nan Movie
Felix Scott,Brothers by Blood
Felix Scott,Ransom
Felix Scott,The Crown
Felix Scott,Wolf Hall
Felix Scott,Walter
Felix Scott,Doctor Faustus - Live at Shakespeare's Globe
Felix Scott,Inception
Felix Scott,Artifacts
Michael Gaston,Spenser Confidential 2
Michael Gaston,Fleishman Is in Trouble
Michael Gaston,Five Days at Memorial
Michael Gaston,Mayor of Kingstown
Michael Gaston,A Mouthful of Air
Michael Gaston,The Expecting
Michael Gaston,Spenser Confidential
Michael Gaston,Togo
Michael Gaston,Treadstone
Michael Gaston,The Code
Michael Gaston,The Land of Steady Habits
Michael Gaston,Tom Clancy's Jack Ryan
Michael Gaston,Strange Angel
Michael Gaston,First Reformed
Michael Gaston,Irreplaceable You
Michael Gaston,Designated Survivor
Michael Gaston,Bridge of Spies
Michael Gaston,Blindspot
Michael Gaston,The Man in the High Castle
Michael Gaston,How to Get Away with Murder
Michael Gaston,The Leftovers
Michael Gaston,Power
Michael Gaston,Last Week Tonight with John Oliver
Michael Gaston,Chicago P.D.
Michael Gaston,Marvel's Agents of S.H.I.E.L.D.
Michael Gaston,The Americans
Michael Gaston,The Following
Michael Gaston,Elementary
Michael Gaston,Big Miracle
Michael Gaston,Person of Interest
Michael Gaston,Unforgettable
Michael Gaston,Terriers
Michael Gaston,Inception
Michael Gaston,Hurricane Season
Michael Gaston,White Collar
Michael Gaston,Three Rivers
Michael Gaston,Home
Michael Gaston,W.
Michael Gaston,Body of Lies
Michael Gaston,The Mentalist
Michael Gaston,Fringe
Michael Gaston,Raising the Bar
Michael Gaston,Sugar
Michael Gaston,Damages
Michael Gaston,Mad Men
Michael Gaston,Jericho
Michael Gaston,Brotherhood
Michael Gaston,Out There
Michael Gaston,Lonely Hearts
Michael Gaston,Stay
Michael Gaston,The Notorious Bettie Page
Michael Gaston,Bones
Michael Gaston,Prison Break
Michael Gaston,Runaway
Michael Gaston,Blind Justice
Michael Gaston,Numb3rs
Michael Gaston,Mind the Gap
Michael Gaston,NCIS
Michael Gaston,Far from Heaven
Michael Gaston,Hack
Michael Gaston,Without a Trace
Michael Gaston,John Doe
Michael Gaston,High Crimes
Michael Gaston,First Monday
Michael Gaston,24
Michael Gaston,The Guardian
Michael Gaston,Thirteen Days
Michael Gaston,The $treet
Michael Gaston,Cora Unashamed
Michael Gaston,Ed
Michael Gaston,CSI: Crime Scene Investigation
Michael Gaston,Deadline
Michael Gaston,Bless the Child
Michael Gaston,Malcolm in the Middle
Michael Gaston,Now and Again
Michael Gaston,Double Jeopardy
Michael Gaston,Third Watch
Michael Gaston,The West Wing
Michael Gaston,Law & Order: Special Victims Unit
Michael Gaston,The Sopranos
Michael Gaston,Ally McBeal
Michael Gaston,Cop Land
Michael Gaston,Oz
Michael Gaston,The Practice
Michael Gaston,The Crucible
Michael Gaston,Ransom
Michael Gaston,Profiler
Michael Gaston,Spin City
Michael Gaston,Sudden Death
Michael Gaston,New York News
Michael Gaston,JAG
Michael Gaston,Hackers
Michael Gaston,ER
Michael Gaston,New York Undercover
Michael Gaston,Amateur
Michael Gaston,The Adventures of Pete & Pete
Michael Gaston,The Wedding Banquet
Michael Gaston,Homicide: Life on the Street
Michael Gaston,Law & Order
Peter Basham,The Old Guard
Peter Basham,Fast & Furious Presents: Hobbs & Shaw
Peter Basham,The Conductor
Peter Basham,Krypton
Peter Basham,Agatha Raisin
Peter Basham,Royal Shakespeare Company: Love's Labour's Lost
Peter Basham,Skyfall
Peter Basham,Tied
Peter Basham,First Night
Peter Basham,Sherlock
Peter Basham,Inception
Nicole Pulliam,Infamously in Love
Nicole Pulliam,In Love With My Partner's Wife
Nicole Pulliam,The Woman in the House Across the Street from the Girl in the Window
Nicole Pulliam,Killer Cheerleader
Nicole Pulliam,All American
Nicole Pulliam,Brooklyn Nine-Nine
Nicole Pulliam,Revenge
Nicole Pulliam,Teen Wolf
Nicole Pulliam,Inception
Nicole Pulliam,Eleventh Hour
Nicole Pulliam,The Game
Nicole Pulliam,Fasion House
Nicole Pulliam,Fashion House
Nicole Pulliam,Bones
Nicole Pulliam,Urban Evil: Trilogy of Fear
Nicole Pulliam,CSI: NY
Nicole Pulliam,Half & Half
Nicole Pulliam,Kingston High
Nicole Pulliam,Killjoy 2: Deliverance from Evil
Nicole Pulliam,Crossing Jordan
Nicole Pulliam,The Horrible Doctor Bones
Nicole Pulliam,The Man Show
Nicole Pulliam,Thick as Thieves
Nicole Pulliam,Saved by the Bell: The New Class
Nicole Pulliam,Let's Make a Deal
Alex Lombard,Terror of the Soul
Alex Lombard,Bookie
Alex Lombard,Broken Star
Alex Lombard,Last Rampage
Alex Lombard,Frank & Lola
Alex Lombard,Rosewood
Alex Lombard,Jane the Virgin
Alex Lombard,Abraham Lincoln: Vampire Hunter
Alex Lombard,Inception
Jill Maddrell,Inception
Carl Gilliard,Adolescents of Chymera
Carl Gilliard,For the Love of Jason
Carl Gilliard,FBI: Most Wanted
Carl Gilliard,Nineteen Summers
Carl Gilliard,Deadcon
Carl Gilliard,#Truth
Carl Gilliard,Carl Weber's The Family Business
Carl Gilliard,Heaven & Hell
Carl Gilliard,Doe
Carl Gilliard,All Between Us
Carl Gilliard,Giants
Carl Gilliard,The Preacher's Son
Carl Gilliard,Layover
Carl Gilliard,Super Cyclone
Carl Gilliard,Inception
Carl Gilliard,Divine Intervention
Carl Gilliard,Private Practice
Carl Gilliard,Sleeper Cell
Carl Gilliard,Freddie
Carl Gilliard,Red Eye
Carl Gilliard,Fair Game
Carl Gilliard,House
Carl Gilliard,Cold Case
Carl Gilliard,The Chatroom
Carl Gilliard,The Bernie Mac Show
Carl Gilliard,The Luau
Carl Gilliard,Tales from the Crypt: The Robert Zemeckis Collection
Carl Gilliard,And the Beat Goes On: The Sonny and Cher Story
Carl Gilliard,The Darwin Conspiracy
Carl Gilliard,Q: The Movie
Carl Gilliard,"Mike Hammer, Private Eye"
Carl Gilliard,Union Square
Carl Gilliard,Contact
Carl Gilliard,Sins of the Mind
Carl Gilliard,Space: Above and Beyond
Carl Gilliard,Sherman Oaks
Carl Gilliard,Martin
Carl Gilliard,Red Shoe Diaries
Carl Gilliard,The Fresh Prince of Bel-Air
Carl Gilliard,Family Matters
Carl Gilliard,Tales from the Crypt
Carl Gilliard,Hunter
Natasha Beaumont,A Moody Christmas
Natasha Beaumont,Inception
Natasha Beaumont,My Spy Family
Natasha Beaumont,Little Fish
Natasha Beaumont,Small Claims: The Meeting
Natasha Beaumont,Peep Show
Natasha Beaumont,The Lost World
Natasha Beaumont,Farscape
Natasha Beaumont,All Saints
Natasha Beaumont,Home and Away
Natasha Beaumont,EastEnders
Angela Nathenson,Inception
Kraig Thornber,Alice Through the Looking Glass
Kraig Thornber,Gulliver's Travels
Kraig Thornber,Inception
Kraig Thornber,Rocky Horror Tribute Show
Jack Murray,Two Deaths of Henry Baker
Jack Murray,Departure
Jack Murray,Girl in the Bunker
Jack Murray,Miss Sloane
Jack Murray,Between
Jack Murray,Shame the Devil
Jack Murray,Beauty and the Beast
Jack Murray,Combat Hospital
Jack Murray,Inception
Jack Murray,80 Minutes
Jack Murray,Flashpoint
Jack Murray,This Beautiful City
Jack Murray,Angela's Eyes
Jack Murray,"The Prize Winner of Defiance, Ohio"
Jack Murray,Sweet Dreams
Adam Cole,Inception
Shelley Lang,Inception
Mark Fleischmann,Golda
Mark Fleischmann,Enola Holmes 2
Mark Fleischmann,A Castle for Christmas
Mark Fleischmann,The Princess Switch 3: Romancing the Star
Mark Fleischmann,Infinite
Mark Fleischmann,The Princess Switch: Switched Again
Mark Fleischmann,Little Kingdom
Mark Fleischmann,The Princess Switch
Mark Fleischmann,Time Will Tell
Mark Fleischmann,Father Brown
Mark Fleischmann,Inception
Mark Fleischmann,The Flea
Helena Cullinan,Dates
Helena Cullinan,Inception
Magnus Nolan,Inception
Tai-Li Lee,Inception
Marc Raducci,The Axe Murders of Villisca
Marc Raducci,Dirty Teacher
Marc Raducci,Hollywoo
Marc Raducci,Hawaii Five-0
Marc Raducci,Inception
Marc Raducci,Parks and Recreation
Marc Raducci,Pushing Daisies
Marc Raducci,Ghost Whisperer
Marc Raducci,Bones
Jean-Michel Dagory,Chicken with Plums
Jean-Michel Dagory,Inception
Jean-Michel Dagory,La cour des grands
Jean-Michel Dagory,Plus belle la vie
Jean-Michel Dagory,Sœur Thérèse.com
Jean-Michel Dagory,Simon Sez
Jean-Michel Dagory,Pour être libre
Jean-Michel Dagory,Aventures Caraïbes
Jean-Michel Dagory,La Philo selon Philippe
Jean-Michel Dagory,Good Old Daze
Jean-Michel Dagory,"Les Cordier, juge et flic"
Jean-Michel Dagory,Clowning Around 2
Jean-Michel Dagory,Julie Lescaut
Jean-Michel Dagory,Hot Chocolate
Jean-Michel Dagory,Clowning Around
Jean-Michel Dagory,Impromptu
Jean-Michel Dagory,Death in the Seine
Jean-Michel Dagory,Ball-Trap On The Cote Sauvage
Nicolas Clerc,Dr Nazi
Nicolas Clerc,Inception
Virgile Bramly,"Frotter, frotter"
Virgile Bramly,Niki
Virgile Bramly,SAS: Rogue Heroes
Virgile Bramly,Classico
Virgile Bramly,Haute Couture
Virgile Bramly,Granada Nights
Virgile Bramly,Madame Claude
Virgile Bramly,Rogue City
Virgile Bramly,Grand Hôtel
Virgile Bramly,All the Way Up
Virgile Bramly,Agent
Virgile Bramly,A Magical Journey
Virgile Bramly,Sink or Swim
Virgile Bramly,The Cornfield
Virgile Bramly,All That Divides Us
Virgile Bramly,Quadras
Virgile Bramly,Kill Skills
Virgile Bramly,Kill Skills
Virgile Bramly,Alleycats
Virgile Bramly,The Model
Virgile Bramly,"The First, the Last"
Virgile Bramly,Racontez-moi des salades
Virgile Bramly,Opium
Virgile Bramly,Eat
Virgile Bramly,Junior
Virgile Bramly,Point Blank
Virgile Bramly,Kill Me Please
Virgile Bramly,Two Sunny Days
Virgile Bramly,Inception
Virgile Bramly,Histoires de vies
Virgile Bramly,"Rose, c'est Paris"
Virgile Bramly,Doom-doom
Virgile Bramly,Hard
Virgile Bramly,Four Last Songs
Virgile Bramly,Mafiosa
Virgile Bramly,The Line of Beauty
Virgile Bramly,Manderlay
Virgile Bramly,Tempo
Silvie Laguna,Dog Sitting
Silvie Laguna,Gaston Lagaffe
Silvie Laguna,Family Is Family
Silvie Laguna,Zéro m²
Silvie Laguna,3 femmes en colère
Silvie Laguna,Inception
Silvie Laguna,Clem
Silvie Laguna,Sagan
Silvie Laguna,Épuration
Silvie Laguna,Rush Hour 3
Silvie Laguna,Hellphone
Silvie Laguna,A Real Man
Silvie Laguna,La musique adoucit les meurtres
Silvie Laguna,Chère Marianne
Silvie Laguna,"Joséphine, Guardian Angel"
Silvie Laguna,A Saturday on Earth
Silvie Laguna,The Three Brothers
Silvie Laguna,Why Is Mother in My Bed?
Silvie Laguna,Le Zèbre
Silvie Laguna,Delicatessen
Silvie Laguna,Police Commissioner Moulin
Coralie Dedykere,Inception
Tim Kelleher,The Night Agent
Tim Kelleher,Garage Sale Mystery: Guilty Until Proven Innocent
Tim Kelleher,Almost Human
Tim Kelleher,No Ordinary Family
Tim Kelleher,Inception
Tim Kelleher,Dollhouse
Tim Kelleher,Seven Pounds
Tim Kelleher,Fringe
Tim Kelleher,Flash of Genius
Tim Kelleher,Supernatural
Tim Kelleher,American Dad!
Tim Kelleher,NCIS
Tim Kelleher,Matchstick Men
Tim Kelleher,Without a Trace
Tim Kelleher,CSI: Miami
Tim Kelleher,Star Trek: Enterprise
Tim Kelleher,Thirteen Days
Tim Kelleher,CSI: Crime Scene Investigation
Tim Kelleher,The West Wing
Tim Kelleher,Made Men
Tim Kelleher,Murder on Shadow Mountain
Tim Kelleher,Charmed
Tim Kelleher,The Negotiator
Tim Kelleher,Dark Skies
Tim Kelleher,Dark Skies
Tim Kelleher,Independence Day
Tim Kelleher,Executive Decision
Tim Kelleher,The Birdcage
Tim Kelleher,Never Talk to Strangers
Tim Kelleher,JAG
Tim Kelleher,Clockers
Tim Kelleher,Operation Dumbo Drop
Tim Kelleher,Star Trek: Voyager
Tim Kelleher,Terminal Velocity
Tim Kelleher,Star Trek: The Next Generation -  All Good Things...
Tim Kelleher,Sudden Fury
Tim Kelleher,seaQuest DSV
Tim Kelleher,Teenage Mutant Ninja Turtles III
Tim Kelleher,Malcolm X
Tim Kelleher,Law & Order
Tim Kelleher,Black Rain
Tim Kelleher,Blue Vengeance
Tim Kelleher,The Understudy: Graveyard Shift II
Tim Kelleher,Star Trek: The Next Generation
Russ Fega,Interstellar
Russ Fega,The Dark Knight Rises
Russ Fega,Inception
Russ Fega,The Prestige
Russ Fega,I Am Sam
Russ Fega,Memento
Russ Fega,Judas Kiss
Russ Fega,Sticks & Stones
Russ Fega,Things I Never Told You
Russ Fega,Galaxis
Russ Fega,Star Trek: Voyager
Russ Fega,Babylon 5
Russ Fega,Prey of the Chameleon
Russ Fega,Mobsters
Russ Fega,Tales of the Unknown
Russ Fega,Unholy Matrimony
Russ Fega,Used Cars
actor,movie_or_TV_name
Leonardo DiCaprio,Conquest
Leonardo DiCaprio,Leonardo da Vinci
Leonardo DiCaprio,Untitled Paul Thomas Anderson Film
Leonardo DiCaprio,The Wager
Leonardo DiCaprio,Another Round
Leonardo DiCaprio,Jim Jones
Leonardo DiCaprio,The Black Hand
Leonardo DiCaprio,Titanic: Stories From the Heart
Leonardo DiCaprio,Killers of the Flower Moon
Leonardo DiCaprio,Man on the Run
Leonardo DiCaprio,Avatar: The Deep Dive - A Special Edition of 20/20
Leonardo DiCaprio,We Are Cinema
Leonardo DiCaprio,Don't Look Up
Leonardo DiCaprio,The Savior for Sale
Leonardo DiCaprio,Adele One Night Only
Leonardo DiCaprio,Clint Eastwood: A Cinematic Legacy
Leonardo DiCaprio,The Lost Leonardo
Leonardo DiCaprio,kid 90
Leonardo DiCaprio,Leonardo DiCaprio: Most Wanted!
Leonardo DiCaprio,"Whose Vote Counts, Explained"
Leonardo DiCaprio,The Last Dance
Leonardo DiCaprio,A Love Letter To Making Movies
Leonardo DiCaprio,Teslafy Me
Leonardo DiCaprio,QT8: The First Eight
Leonardo DiCaprio,The Curse of Don's Plum
Leonardo DiCaprio,Once Upon a Time… in Hollywood
Leonardo DiCaprio,Ice on Fire
Leonardo DiCaprio,And We Go Green
Leonardo DiCaprio,Patriot Act with Hasan Minhaj
Leonardo DiCaprio,Ryuichi Sakamoto: Coda
Leonardo DiCaprio,Spielberg
Leonardo DiCaprio,Before the Flood
Leonardo DiCaprio,Koko: The Gorilla Who Talks to People
Leonardo DiCaprio,A World Unseen: 'The Revenant'
Leonardo DiCaprio,The Revenant
Leonardo DiCaprio,The Audition
Leonardo DiCaprio,Scorsese's Goodfellas
Leonardo DiCaprio,The Wolf Pack
Leonardo DiCaprio,The Wolf of Wall Street
Leonardo DiCaprio,The Great Gatsby
Leonardo DiCaprio,Django Unchained
Leonardo DiCaprio,Reflections on Titanic
Leonardo DiCaprio,Final Cut: Ladies and Gentlemen
Leonardo DiCaprio,J. Edgar
Leonardo DiCaprio,The Love We Make
Leonardo DiCaprio,Dreams: Cinema of the Subconscious
Leonardo DiCaprio,Inception: The Cobol Job
Leonardo DiCaprio,Inception
Leonardo DiCaprio,Shutter Island: Into the Lighthouse
Leonardo DiCaprio,Hubble
Leonardo DiCaprio,Shutter Island
Leonardo DiCaprio,Live from Studio Five
Leonardo DiCaprio,Revolutionary Road
Leonardo DiCaprio,Body of Lies
Leonardo DiCaprio,Markus Lanz
Leonardo DiCaprio,Notes on an American Film Director at Work
Leonardo DiCaprio,The 11th Hour
Leonardo DiCaprio,Everything's Cool
Leonardo DiCaprio,"Stranger Than Fiction: The True Story of Whitey Bulger, Southie and 'The Departed'"
Leonardo DiCaprio,Blood Diamond
Leonardo DiCaprio,The Departed
Leonardo DiCaprio,Earth to America
Leonardo DiCaprio,A Concert for Hurricane Relief
Leonardo DiCaprio,The Aviator
Leonardo DiCaprio,Celebrities Uncensored
Leonardo DiCaprio,Catch Me If You Can: Behind the Camera
Leonardo DiCaprio,Catch Me If You Can
Leonardo DiCaprio,Gangs of New York
Leonardo DiCaprio,The Concert for New York City
Leonardo DiCaprio,Don's Plum
Leonardo DiCaprio,Portrait of Leonardo: The Kid Who Took Hollywood
Leonardo DiCaprio,The Beach
Leonardo DiCaprio,Hangin' with Leo!!
Leonardo DiCaprio,The Early Show
Leonardo DiCaprio,Teen Choice Awards
Leonardo DiCaprio,Celebrity
Leonardo DiCaprio,The Man in the Iron Mask
Leonardo DiCaprio,Titanic
Leonardo DiCaprio,Taff
Leonardo DiCaprio,Marvin's Room
Leonardo DiCaprio,Romeo + Juliet
Leonardo DiCaprio,Critics' Choice Movie Awards
Leonardo DiCaprio,Total Eclipse
Leonardo DiCaprio,The Basketball Diaries
Leonardo DiCaprio,The Quick and the Dead
Leonardo DiCaprio,X-Girl
Leonardo DiCaprio,The Foot Shooting Party
Leonardo DiCaprio,What's Eating Gilbert Grape
Leonardo DiCaprio,This Boy's Life
Leonardo DiCaprio,GMTV
Leonardo DiCaprio,HBO First Look
Leonardo DiCaprio,The Tonight Show with Jay Leno
Leonardo DiCaprio,Poison Ivy
Leonardo DiCaprio,Critters 3
Leonardo DiCaprio,Parenthood
Leonardo DiCaprio,The Outsiders
Leonardo DiCaprio,The New Lassie
Leonardo DiCaprio,"Mickey's Safety Club: Street Safe, Street Smart"
Leonardo DiCaprio,Roseanne
Leonardo DiCaprio,Growing Pains
Leonardo DiCaprio,Santa Barbara
Leonardo DiCaprio,"Wetten, dass..?"
Leonardo DiCaprio,Saturday Night Live
Leonardo DiCaprio,The Oscars
Leonardo DiCaprio,Romper Room
Leonardo DiCaprio,Today
Daniel Girondeaud,Overdose
Daniel Girondeaud,A Butterfly Kiss
Daniel Girondeaud,Inception
Daniel Girondeaud,It Begins with the End
Shannon Welles,The Guest Book
Shannon Welles,Angie Tribeca
Shannon Welles,Eagleheart: Paradise Rising
Shannon Welles,Crawlspace
Shannon Welles,Veep
Shannon Welles,GCB
Shannon Welles,Inception
Shannon Welles,Infomercials
Shannon Welles,Community
Shannon Welles,Rules of Engagement
Shannon Welles,Sons & Daughters
Shannon Welles,Ghost Whisperer
Shannon Welles,Medium
Shannon Welles,Cold Case
Shannon Welles,Scrubs
Shannon Welles,Air Rage
Shannon Welles,A Family in Crisis: The Elian Gonzales Story
Shannon Welles,Son of the Beach
Shannon Welles,Forces of Nature
Shannon Welles,Angel's Dance
Shannon Welles,Becker
Shannon Welles,The Midas Touch
Shannon Welles,Ally McBeal
Shannon Welles,Buffy the Vampire Slayer
Shannon Welles,"Sabrina, the Teenage Witch"
Shannon Welles,Raging Angels
Shannon Welles,Last Man Standing
Shannon Welles,Boy Meets World
Shannon Welles,Saved by the Bell: The New Class
Jack Gilroy,Turnover
Jack Gilroy,Naked Run
Jack Gilroy,Inception
Jack Gilroy,The American President
Jason Tendell,Inception
Lisa Reynolds,White Chamber
Lisa Reynolds,Inception
Lisa Reynolds,Mamma Mia!
Andrew Pleavin,American Assassin
Andrew Pleavin,A Royal Winter
Andrew Pleavin,High Strung
Andrew Pleavin,London Has Fallen
Andrew Pleavin,300: Rise of an Empire
Andrew Pleavin,Inception
Andrew Pleavin,Witchville
Andrew Pleavin,Blood: The Last Vampire
Andrew Pleavin,The Last Chance
Andrew Pleavin,Return to House on Haunted Hill
Andrew Pleavin,300
Andrew Pleavin,Attack of the Gryphon
Andrew Pleavin,A Good Murder
Andrew Pleavin,Batman Begins
Andrew Pleavin,Unstoppable
Andrew Pleavin,Messiah
Andrew Pleavin,The Bombmaker
Andrew Pleavin,Attila
Andrew Pleavin,Attila
Andrew Pleavin,Heartbeat
Felix Scott,The Nan Movie
Felix Scott,Brothers by Blood
Felix Scott,Ransom
Felix Scott,The Crown
Felix Scott,Wolf Hall
Felix Scott,Walter
Felix Scott,Doctor Faustus - Live at Shakespeare's Globe
Felix Scott,Inception
Felix Scott,Artifacts
Michael Gaston,Spenser Confidential 2
Michael Gaston,Fleishman Is in Trouble
Michael Gaston,Five Days at Memorial
Michael Gaston,Mayor of Kingstown
Michael Gaston,A Mouthful of Air
Michael Gaston,The Expecting
Michael Gaston,Spenser Confidential
Michael Gaston,Togo
Michael Gaston,Treadstone
Michael Gaston,The Code
Michael Gaston,The Land of Steady Habits
Michael Gaston,Tom Clancy's Jack Ryan
Michael Gaston,Strange Angel
Michael Gaston,First Reformed
Michael Gaston,Irreplaceable You
Michael Gaston,Designated Survivor
Michael Gaston,Bridge of Spies
Michael Gaston,Blindspot
Michael Gaston,The Man in the High Castle
Michael Gaston,How to Get Away with Murder
Michael Gaston,The Leftovers
Michael Gaston,Power
Michael Gaston,Last Week Tonight with John Oliver
Michael Gaston,Chicago P.D.
Michael Gaston,Marvel's Agents of S.H.I.E.L.D.
Michael Gaston,The Americans
Michael Gaston,The Following
Michael Gaston,Elementary
Michael Gaston,Big Miracle
Michael Gaston,Person of Interest
Michael Gaston,Unforgettable
Michael Gaston,Terriers
Michael Gaston,Inception
Michael Gaston,Hurricane Season
Michael Gaston,White Collar
Michael Gaston,Three Rivers
Michael Gaston,Home
Michael Gaston,W.
Michael Gaston,Body of Lies
Michael Gaston,The Mentalist
Michael Gaston,Fringe
Michael Gaston,Raising the Bar
Michael Gaston,Sugar
Michael Gaston,Damages
Michael Gaston,Mad Men
Michael Gaston,Jericho
Michael Gaston,Brotherhood
Michael Gaston,Out There
Michael Gaston,Lonely Hearts
Michael Gaston,Stay
Michael Gaston,The Notorious Bettie Page
Michael Gaston,Bones
Michael Gaston,Prison Break
Michael Gaston,Runaway
Michael Gaston,Blind Justice
Michael Gaston,Numb3rs
Michael Gaston,Mind the Gap
Michael Gaston,NCIS
Michael Gaston,Far from Heaven
Michael Gaston,Hack
Michael Gaston,Without a Trace
Michael Gaston,John Doe
Michael Gaston,High Crimes
Michael Gaston,First Monday
Michael Gaston,24
Michael Gaston,The Guardian
Michael Gaston,Thirteen Days
Michael Gaston,The $treet
Michael Gaston,Cora Unashamed
Michael Gaston,Ed
Michael Gaston,CSI: Crime Scene Investigation
Michael Gaston,Deadline
Michael Gaston,Bless the Child
Michael Gaston,Malcolm in the Middle
Michael Gaston,Now and Again
Michael Gaston,Double Jeopardy
Michael Gaston,Third Watch
Michael Gaston,The West Wing
Michael Gaston,Law & Order: Special Victims Unit
Michael Gaston,The Sopranos
Michael Gaston,Ally McBeal
Michael Gaston,Cop Land
Michael Gaston,Oz
Michael Gaston,The Practice
Michael Gaston,The Crucible
Michael Gaston,Ransom
Michael Gaston,Profiler
Michael Gaston,Spin City
Michael Gaston,Sudden Death
Michael Gaston,New York News
Michael Gaston,JAG
Michael Gaston,Hackers
Michael Gaston,ER
Michael Gaston,New York Undercover
Michael Gaston,Amateur
Michael Gaston,The Adventures of Pete & Pete
Michael Gaston,The Wedding Banquet
Michael Gaston,Homicide: Life on the Street
Michael Gaston,Law & Order
Peter Basham,The Old Guard
Peter Basham,Fast & Furious Presents: Hobbs & Shaw
Peter Basham,The Conductor
Peter Basham,Krypton
Peter Basham,Agatha Raisin
Peter Basham,Royal Shakespeare Company: Love's Labour's Lost
Peter Basham,Skyfall
Peter Basham,Tied
Peter Basham,First Night
Peter Basham,Sherlock
Peter Basham,Inception
Nicole Pulliam,Infamously in Love
Nicole Pulliam,In Love With My Partner's Wife
Nicole Pulliam,The Woman in the House Across the Street from the Girl in the Window
Nicole Pulliam,Killer Cheerleader
Nicole Pulliam,All American
Nicole Pulliam,Brooklyn Nine-Nine
Nicole Pulliam,Revenge
Nicole Pulliam,Teen Wolf
Nicole Pulliam,Inception
Nicole Pulliam,Eleventh Hour
Nicole Pulliam,The Game
Nicole Pulliam,Fasion House
Nicole Pulliam,Fashion House
Nicole Pulliam,Bones
Nicole Pulliam,Urban Evil: Trilogy of Fear
Nicole Pulliam,CSI: NY
Nicole Pulliam,Half & Half
Nicole Pulliam,Kingston High
Nicole Pulliam,Killjoy 2: Deliverance from Evil
Nicole Pulliam,Crossing Jordan
Nicole Pulliam,The Horrible Doctor Bones
Nicole Pulliam,The Man Show
Nicole Pulliam,Thick as Thieves
Nicole Pulliam,Saved by the Bell: The New Class
Nicole Pulliam,Let's Make a Deal
Alex Lombard,Terror of the Soul
Alex Lombard,Bookie
Alex Lombard,Broken Star
Alex Lombard,Last Rampage
Alex Lombard,Frank & Lola
Alex Lombard,Rosewood
Alex Lombard,Jane the Virgin
Alex Lombard,Abraham Lincoln: Vampire Hunter
Alex Lombard,Inception
Jill Maddrell,Inception
Carl Gilliard,Adolescents of Chymera
Carl Gilliard,For the Love of Jason
Carl Gilliard,FBI: Most Wanted
Carl Gilliard,Nineteen Summers
Carl Gilliard,Deadcon
Carl Gilliard,#Truth
Carl Gilliard,Carl Weber's The Family Business
Carl Gilliard,Heaven & Hell
Carl Gilliard,Doe
Carl Gilliard,All Between Us
Carl Gilliard,Giants
Carl Gilliard,The Preacher's Son
Carl Gilliard,Layover
Carl Gilliard,Super Cyclone
Carl Gilliard,Inception
Carl Gilliard,Divine Intervention
Carl Gilliard,Private Practice
Carl Gilliard,Sleeper Cell
Carl Gilliard,Freddie
Carl Gilliard,Red Eye
Carl Gilliard,Fair Game
Carl Gilliard,House
Carl Gilliard,Cold Case
Carl Gilliard,The Chatroom
Carl Gilliard,The Bernie Mac Show
Carl Gilliard,The Luau
Carl Gilliard,Tales from the Crypt: The Robert Zemeckis Collection
Carl Gilliard,And the Beat Goes On: The Sonny and Cher Story
Carl Gilliard,The Darwin Conspiracy
Carl Gilliard,Q: The Movie
Carl Gilliard,"Mike Hammer, Private Eye"
Carl Gilliard,Union Square
Carl Gilliard,Contact
Carl Gilliard,Sins of the Mind
Carl Gilliard,Space: Above and Beyond
Carl Gilliard,Sherman Oaks
Carl Gilliard,Martin
Carl Gilliard,Red Shoe Diaries
Carl Gilliard,The Fresh Prince of Bel-Air
Carl Gilliard,Family Matters
Carl Gilliard,Tales from the Crypt
Carl Gilliard,Hunter
Natasha Beaumont,A Moody Christmas
Natasha Beaumont,Inception
Natasha Beaumont,My Spy Family
Natasha Beaumont,Little Fish
Natasha Beaumont,Small Claims: The Meeting
Natasha Beaumont,Peep Show
Natasha Beaumont,The Lost World
Natasha Beaumont,Farscape
Natasha Beaumont,All Saints
Natasha Beaumont,Home and Away
Natasha Beaumont,EastEnders
Angela Nathenson,Inception
Kraig Thornber,Alice Through the Looking Glass
Kraig Thornber,Gulliver's Travels
Kraig Thornber,Inception
Kraig Thornber,Rocky Horror Tribute Show
Jack Murray,Two Deaths of Henry Baker
Jack Murray,Departure
Jack Murray,Girl in the Bunker
Jack Murray,Miss Sloane
Jack Murray,Between
Jack Murray,Shame the Devil
Jack Murray,Beauty and the Beast
Jack Murray,Combat Hospital
Jack Murray,Inception
Jack Murray,80 Minutes
Jack Murray,Flashpoint
Jack Murray,This Beautiful City
Jack Murray,Angela's Eyes
Jack Murray,"The Prize Winner of Defiance, Ohio"
Jack Murray,Sweet Dreams
Adam Cole,Inception
Shelley Lang,Inception
Mark Fleischmann,Golda
Mark Fleischmann,Enola Holmes 2
Mark Fleischmann,A Castle for Christmas
Mark Fleischmann,The Princess Switch 3: Romancing the Star
Mark Fleischmann,Infinite
Mark Fleischmann,The Princess Switch: Switched Again
Mark Fleischmann,Little Kingdom
Mark Fleischmann,The Princess Switch
Mark Fleischmann,Time Will Tell
Mark Fleischmann,Father Brown
Mark Fleischmann,Inception
Mark Fleischmann,The Flea
Helena Cullinan,Dates
Helena Cullinan,Inception
Magnus Nolan,Inception
Tai-Li Lee,Inception
Marc Raducci,The Axe Murders of Villisca
Marc Raducci,Dirty Teacher
Marc Raducci,Hollywoo
Marc Raducci,Hawaii Five-0
Marc Raducci,Inception
Marc Raducci,Parks and Recreation
Marc Raducci,Pushing Daisies
Marc Raducci,Ghost Whisperer
Marc Raducci,Bones
Jean-Michel Dagory,Chicken with Plums
Jean-Michel Dagory,Inception
Jean-Michel Dagory,La cour des grands
Jean-Michel Dagory,Plus belle la vie
Jean-Michel Dagory,Sœur Thérèse.com
Jean-Michel Dagory,Simon Sez
Jean-Michel Dagory,Pour être libre
Jean-Michel Dagory,Aventures Caraïbes
Jean-Michel Dagory,La Philo selon Philippe
Jean-Michel Dagory,Good Old Daze
Jean-Michel Dagory,"Les Cordier, juge et flic"
Jean-Michel Dagory,Clowning Around 2
Jean-Michel Dagory,Julie Lescaut
Jean-Michel Dagory,Hot Chocolate
Jean-Michel Dagory,Clowning Around
Jean-Michel Dagory,Impromptu
Jean-Michel Dagory,Death in the Seine
Jean-Michel Dagory,Ball-Trap On The Cote Sauvage
Nicolas Clerc,Dr Nazi
Nicolas Clerc,Inception
Virgile Bramly,"Frotter, frotter"
Virgile Bramly,Niki
Virgile Bramly,SAS: Rogue Heroes
Virgile Bramly,Classico
Virgile Bramly,Haute Couture
Virgile Bramly,Granada Nights
Virgile Bramly,Madame Claude
Virgile Bramly,Rogue City
Virgile Bramly,Grand Hôtel
Virgile Bramly,All the Way Up
Virgile Bramly,Agent
Virgile Bramly,A Magical Journey
Virgile Bramly,Sink or Swim
Virgile Bramly,The Cornfield
Virgile Bramly,All That Divides Us
Virgile Bramly,Quadras
Virgile Bramly,Kill Skills
Virgile Bramly,Kill Skills
Virgile Bramly,Alleycats
Virgile Bramly,The Model
Virgile Bramly,"The First, the Last"
Virgile Bramly,Racontez-moi des salades
Virgile Bramly,Opium
Virgile Bramly,Eat
Virgile Bramly,Junior
Virgile Bramly,Point Blank
Virgile Bramly,Kill Me Please
Virgile Bramly,Two Sunny Days
Virgile Bramly,Inception
Virgile Bramly,Histoires de vies
Virgile Bramly,"Rose, c'est Paris"
Virgile Bramly,Doom-doom
Virgile Bramly,Hard
Virgile Bramly,Four Last Songs
Virgile Bramly,Mafiosa
Virgile Bramly,The Line of Beauty
Virgile Bramly,Manderlay
Virgile Bramly,Tempo
Silvie Laguna,Dog Sitting
Silvie Laguna,Gaston Lagaffe
Silvie Laguna,Family Is Family
Silvie Laguna,Zéro m²
Silvie Laguna,3 femmes en colère
Silvie Laguna,Inception
Silvie Laguna,Clem
Silvie Laguna,Sagan
Silvie Laguna,Épuration
Silvie Laguna,Rush Hour 3
Silvie Laguna,Hellphone
Silvie Laguna,A Real Man
Silvie Laguna,La musique adoucit les meurtres
Silvie Laguna,Chère Marianne
Silvie Laguna,"Joséphine, Guardian Angel"
Silvie Laguna,A Saturday on Earth
Silvie Laguna,The Three Brothers
Silvie Laguna,Why Is Mother in My Bed?
Silvie Laguna,Le Zèbre
Silvie Laguna,Delicatessen
Silvie Laguna,Police Commissioner Moulin
Coralie Dedykere,Inception
Tim Kelleher,The Night Agent
Tim Kelleher,Garage Sale Mystery: Guilty Until Proven Innocent
Tim Kelleher,Almost Human
Tim Kelleher,No Ordinary Family
Tim Kelleher,Inception
Tim Kelleher,Dollhouse
Tim Kelleher,Seven Pounds
Tim Kelleher,Fringe
Tim Kelleher,Flash of Genius
Tim Kelleher,Supernatural
Tim Kelleher,American Dad!
Tim Kelleher,NCIS
Tim Kelleher,Matchstick Men
Tim Kelleher,Without a Trace
Tim Kelleher,CSI: Miami
Tim Kelleher,Star Trek: Enterprise
Tim Kelleher,Thirteen Days
Tim Kelleher,CSI: Crime Scene Investigation
Tim Kelleher,The West Wing
Tim Kelleher,Made Men
Tim Kelleher,Murder on Shadow Mountain
Tim Kelleher,Charmed
Tim Kelleher,The Negotiator
Tim Kelleher,Dark Skies
Tim Kelleher,Dark Skies
Tim Kelleher,Independence Day
Tim Kelleher,Executive Decision
Tim Kelleher,The Birdcage
Tim Kelleher,Never Talk to Strangers
Tim Kelleher,JAG
Tim Kelleher,Clockers
Tim Kelleher,Operation Dumbo Drop
Tim Kelleher,Star Trek: Voyager
Tim Kelleher,Terminal Velocity
Tim Kelleher,Star Trek: The Next Generation -  All Good Things...
Tim Kelleher,Sudden Fury
Tim Kelleher,seaQuest DSV
Tim Kelleher,Teenage Mutant Ninja Turtles III
Tim Kelleher,Malcolm X
Tim Kelleher,Law & Order
Tim Kelleher,Black Rain
Tim Kelleher,Blue Vengeance
Tim Kelleher,The Understudy: Graveyard Shift II
Tim Kelleher,Star Trek: The Next Generation
Russ Fega,Interstellar
Russ Fega,The Dark Knight Rises
Russ Fega,Inception
Russ Fega,The Prestige
Russ Fega,I Am Sam
Russ Fega,Memento
Russ Fega,Judas Kiss
Russ Fega,Sticks & Stones
Russ Fega,Things I Never Told You
Russ Fega,Galaxis
Russ Fega,Star Trek: Voyager
Russ Fega,Babylon 5
Russ Fega,Prey of the Chameleon
Russ Fega,Mobsters
Russ Fega,Tales of the Unknown
Russ Fega,Unholy Matrimony
Russ Fega,Used Cars
Miranda Nolan,How to Stop a Recurring Dream
Miranda Nolan,Dunkirk
Miranda Nolan,The Witness for the Prosecution
Miranda Nolan,Royal Shakespeare Company - Richard II
Miranda Nolan,The Dark Knight Rises
Miranda Nolan,Inception
Miranda Nolan,Casualty
Ryan Hayward,Inception
Earl Cameron,Britain's Greatest Generation
Earl Cameron,Up on the Roof
Earl Cameron,Inception
Earl Cameron,Right America:  Feeling Wronged
Earl Cameron,The Queen
Earl Cameron,The Interpreter
Earl Cameron,Revelation
Earl Cameron,Waking the Dead
Earl Cameron,Déjà Vu
Earl Cameron,Neverwhere
Earl Cameron,Dalziel & Pascoe
Earl Cameron,The Great Kandinsky
Earl Cameron,Health and Efficiency
Earl Cameron,Lovejoy
Earl Cameron,Cuba
Earl Cameron,The Message
Earl Cameron,The Zoo Gang
Earl Cameron,A Warm December
Earl Cameron,Scorpio
Earl Cameron,Crown Court
Earl Cameron,The Revolutionary
Earl Cameron,Two Gentlemen Sharing
Earl Cameron,Wind Versus Polygamy
Earl Cameron,Two A Penny
Earl Cameron,Battle Beneath the Earth
Earl Cameron,The Prisoner
Earl Cameron,Doctor Who: The Tenth Planet
Earl Cameron,That Swinging City
Earl Cameron,Thunderball
Earl Cameron,Thirty-Minute Theatre
Earl Cameron,The Troubleshooters
Earl Cameron,Guns at Batasi
Earl Cameron,A Fear of Strangers
Earl Cameron,Doctor Who
Earl Cameron,The Chocolate Tree
Earl Cameron,Tarzan's Three Challenges
Earl Cameron,Term of Trial
Earl Cameron,Flame in the Streets
Earl Cameron,No Kidding
Earl Cameron,Tarzan the Magnificent
Earl Cameron,Sapphire
Earl Cameron,Killers of Kilimanjaro
Earl Cameron,The Mark of the Hawk
Earl Cameron,Thunder on Sycamore Street
Earl Cameron,The Heart Within
Earl Cameron,A Man from the Sun
Earl Cameron,Odongo
Earl Cameron,The Buccaneers
Earl Cameron,Safari
Earl Cameron,The Woman for Joe
Earl Cameron,Dixon of Dock Green
Earl Cameron,Simba
Earl Cameron,Submarine Attack
Earl Cameron,The Heart of the Matter
Earl Cameron,Emergency Call
Earl Cameron,There Is Another Sun
Earl Cameron,Pool of London
Yuji Okumoto,The Paper Tigers
Yuji Okumoto,Driven
Yuji Okumoto,Cobra Kai
Yuji Okumoto,Ultra Low
Yuji Okumoto,Beta Test
Yuji Okumoto,Z Nation
Yuji Okumoto,Awesome Asian Bad Guys
Yuji Okumoto,Grimm
Yuji Okumoto,New Girl
Yuji Okumoto,Young Justice
Yuji Okumoto,Inception
Yuji Okumoto,Archer
Yuji Okumoto,The Mentalist
Yuji Okumoto,Johnny Kapahala: Back on Board
Yuji Okumoto,Only The Brave
Yuji Okumoto,End Game
Yuji Okumoto,The Unit
Yuji Okumoto,Big Momma's House 2
Yuji Okumoto,Bones
Yuji Okumoto,The Crow: Wicked Prayer
Yuji Okumoto,A Kitty Bobo Show
Yuji Okumoto,Ticker
Yuji Okumoto,Pearl Harbor
Yuji Okumoto,I'll Remember April
Yuji Okumoto,The Base 2: Guilty as Charged
Yuji Okumoto,Partners
Yuji Okumoto,Fortress 2
Yuji Okumoto,Johnny Tsunami
Yuji Okumoto,V.I.P.
Yuji Okumoto,The Crow: Stairway to Heaven
Yuji Okumoto,The Truman Show
Yuji Okumoto,Sorcerers
Yuji Okumoto,Mean Guns
Yuji Okumoto,The Game
Yuji Okumoto,Contact
Yuji Okumoto,Blast
Yuji Okumoto,Superman: The Animated Series
Yuji Okumoto,Kindred: The Embraced
Yuji Okumoto,The Sentinel
Yuji Okumoto,JAG
Yuji Okumoto,Hard Justice
Yuji Okumoto,Open Fire
Yuji Okumoto,Red Sun Rising
Yuji Okumoto,Menendez: A Killing in Beverly Hills
Yuji Okumoto,Blue Tiger
Yuji Okumoto,Bloodfist V: Human Target
Yuji Okumoto,American Sons
Yuji Okumoto,American Yakuza
Yuji Okumoto,Brain Smasher... A Love Story
Yuji Okumoto,Lois & Clark: The New Adventures of Superman
Yuji Okumoto,Robot Wars
Yuji Okumoto,"Walker, Texas Ranger"
Yuji Okumoto,Silent Cries
Yuji Okumoto,Nemesis
Yuji Okumoto,Only One Survived
Yuji Okumoto,Murder in Paradise
Yuji Okumoto,True Believer
Yuji Okumoto,Aloha Summer
Yuji Okumoto,The Karate Kid Part II
Yuji Okumoto,The Check Is in the Mail...
Yuji Okumoto,Better Off Dead...
Yuji Okumoto,Real Genius
Yuji Okumoto,"Murder, She Wrote"
Yuji Okumoto,Hunter
Yuji Okumoto,T. J. Hooker
Yuji Okumoto,Simon & Simon
Yuji Okumoto,Knots Landing
Johnathan Geare,Inception
Claire Geare,No Escape
Claire Geare,Dream House
Claire Geare,Legend of Kung Fu Rabbit
Claire Geare,Inception
Taylor Geare,A Wonderful Way With Dragons
Taylor Geare,Burn Your Maps
Taylor Geare,The Goldbergs
Taylor Geare,Dream House
Taylor Geare,Inception
Taylor Geare,Brothers
Taylor Geare,FlashForward
Taylor Geare,Four Christmases
Taylor Geare,"New York, I Love You"
Taylor Geare,Medium
Tohoru Masamune,Off the Grid
Tohoru Masamune,Bond of Justice: Kizuna
Tohoru Masamune,Never Have I Ever
Tohoru Masamune,We Bare Bears
Tohoru Masamune,Chatter
Tohoru Masamune,Sway
Tohoru Masamune,Teenage Mutant Ninja Turtles
Tohoru Masamune,Marvel's Agents of S.H.I.E.L.D.
Tohoru Masamune,Inception
Tohoru Masamune,iCarly: iGo to Japan
Tohoru Masamune,Warbirds
Tohoru Masamune,iCarly
Tohoru Masamune,Heroes
Tohoru Masamune,Memoirs of a Geisha
Tohoru Masamune,American Dad!
Tohoru Masamune,Without a Trace
Tohoru Masamune,Ocha Cups For Christmas
Tohoru Masamune,Jackie Chan Adventures
Tohoru Masamune,Diagnosis: Murder
Tohoru Masamune,Mad About You
Tohoru Masamune,Pacific Heights
Talulah Riley,Pistol
Talulah Riley,Father Christmas Is Back
Talulah Riley,Bloodshot
Talulah Riley,The Last Witness
Talulah Riley,Westworld
Talulah Riley,Submerged
Talulah Riley,Mojave
Talulah Riley,The Bad Education Movie
Talulah Riley,Scottish Mussel
Talulah Riley,Thor: The Dark World
Talulah Riley,In a World...
Talulah Riley,The Liability
Talulah Riley,The Knot
Talulah Riley,White Frog
Talulah Riley,Revenge of the Electric Car
Talulah Riley,The Dilemma
Talulah Riley,Love and Distrust
Talulah Riley,Inception
Talulah Riley,The Summer House
Talulah Riley,St Trinian's 2: The Legend of Fritton's Gold
Talulah Riley,The Boat That Rocked
Talulah Riley,Phoo Action
Talulah Riley,St. Trinian's
Talulah Riley,Nearly Famous
Talulah Riley,Friends Forever
Talulah Riley,Pride & Prejudice
Talulah Riley,Doctor Who
Talulah Riley,Agatha Christie's Marple
Talulah Riley,Agatha Christie's Poirot
Lukas Haas,Halo of Stars
Lukas Haas,Cash Out 2: High Rollers
Lukas Haas,Cash Out
Lukas Haas,Babylon
Lukas Haas,Midnight in the Switchgrass
Lukas Haas,Frank and Ava
Lukas Haas,The Violent Heart
Lukas Haas,Browse
Lukas Haas,The Righteous Gemstones
Lukas Haas,Widows
Lukas Haas,First Man
Lukas Haas,2031
Lukas Haas,Always Worthy
Lukas Haas,The Revenant
Lukas Haas,Tooken
Lukas Haas,Dark Was the Night
Lukas Haas,Transcendence
Lukas Haas,Jobs
Lukas Haas,Pawn Shop Chronicles
Lukas Haas,Meth Head
Lukas Haas,Lincoln
Lukas Haas,Crazy Eyes
Lukas Haas,Touch
Lukas Haas,Contraband
Lukas Haas,The Perfect Age of Rock 'n' Roll
Lukas Haas,Red Riding Hood
Lukas Haas,Inception: The Cobol Job
Lukas Haas,Inception
Lukas Haas,Bastard
Lukas Haas,While She Was Out
Lukas Haas,The Brothers Bloom
Lukas Haas,Death in Love
Lukas Haas,The Cradle
Lukas Haas,Gardener of Eden
Lukas Haas,Dirt
Lukas Haas,Material Girls
Lukas Haas,The Darwin Awards
Lukas Haas,Swedish Auto
Lukas Haas,The Tripper
Lukas Haas,Brick
Lukas Haas,Alpha Dog
Lukas Haas,Who Loves the Sun
Lukas Haas,Criminal Minds
Lukas Haas,Last Days
Lukas Haas,Barry Dingle
Lukas Haas,The Youth In Us
Lukas Haas,The Making of Last Days
Lukas Haas,Bookies
Lukas Haas,The Twilight Zone
Lukas Haas,Lathe of Heaven
Lukas Haas,Long Time Dead
Lukas Haas,Justice League
Lukas Haas,24
Lukas Haas,Zoolander
Lukas Haas,Heavy Gear
Lukas Haas,The Zeta Project
Lukas Haas,The Pearl
Lukas Haas,As Told by Ginger
Lukas Haas,The Adventures of Young Indiana Jones: Passion for Life
Lukas Haas,Son of the Beach
Lukas Haas,Running Free
Lukas Haas,Breakfast of Champions
Lukas Haas,David and Lisa
Lukas Haas,In Quiet Night
Lukas Haas,Kiss & Tell
Lukas Haas,Mars Attacks!
Lukas Haas,Johns
Lukas Haas,Everyone Says I Love You
Lukas Haas,Boys
Lukas Haas,Warrior Spirit
Lukas Haas,Leap of Faith
Lukas Haas,Alan & Naomi
Lukas Haas,Rambling Rose
Lukas Haas,The Perfect Tribute
Lukas Haas,Convicts
Lukas Haas,Music Box
Lukas Haas,See You in the Morning
Lukas Haas,The Ryan White Story
Lukas Haas,The Wizard of Loneliness
Lukas Haas,Lady in White
Lukas Haas,Solarbabies
Lukas Haas,Shattered Spirits
Lukas Haas,Amazing Stories
Lukas Haas,The Twilight Zone
Lukas Haas,Brothers-in-Law
Lukas Haas,Witness
Lukas Haas,Love Thy Neighbor
Lukas Haas,Testament
Michael Caine,Laughs and Larrikins
Michael Caine,"Dirty, Sexy & Totally Iconic"
Michael Caine,The Great Escaper
Michael Caine,Mad About the Boy: The Noël Coward Story
Michael Caine,MCAINE: An Anagram of Cinema
Michael Caine,The Sound of 007
Michael Caine,Medieval
Michael Caine,Best Sellers
Michael Caine,Twist
Michael Caine,Come Away
Michael Caine,Tenet
Michael Caine,Helter Skelter: An American Myth
Michael Caine,AGFA MYSTERY MIXTAPE #3: SEQUELITIS
Michael Caine,Four Kids and It
Michael Caine,An Accidental Studio
Michael Caine,The Man Who Got Carter
Michael Caine,Quincy
Michael Caine,King of Thieves
Michael Caine,Dear Dictator
Michael Caine,Sherlock Gnomes
Michael Caine,And the Winner Isn't
Michael Caine,My Generation
Michael Caine,Dunkirk
Michael Caine,Going in Style
Michael Caine,Now You See Me 2
Michael Caine,Knights of Classic Drama at the BBC
Michael Caine,The Last Witch Hunter
Michael Caine,The Late Show with Stephen Colbert
Michael Caine,Close Up with The Hollywood Reporter
Michael Caine,Kingsman: The Secret Service Revealed
Michael Caine,Youth
Michael Caine,Inside 'Interstellar'
Michael Caine,Kingsman: The Secret Service
Michael Caine,Interstellar
Michael Caine,Interstellar: Nolan's Odyssey
Michael Caine,Stonehearst Asylum
Michael Caine,Sir David Frost: That Was the Life That Was
Michael Caine,The Fire Rises: The Creation and Impact of The Dark Knight Trilogy
Michael Caine,Mr. Morgan's Last Love
Michael Caine,Now You See Me
Michael Caine,Ending the Knight
Michael Caine,The Dark Knight Rises
Michael Caine,Journey 2: The Mysterious Island
Michael Caine,Discovering Hamlet
Michael Caine,The Many Faces of... Michael Caine
Michael Caine,Cars 2
Michael Caine,Gnomeo & Juliet
Michael Caine,Inception
Michael Caine,Pinter's Progress
Michael Caine,Harry Brown
Michael Caine,Live from Studio Five
Michael Caine,Heath Ledger: A Tribute
Michael Caine,Is Anybody There?
Michael Caine,Valentino: The Last Emperor
Michael Caine,The Dark Knight
Michael Caine,Roman Polanski: Wanted and Desired
Michael Caine,Sleuth
Michael Caine,Flawless
Michael Caine,The Graham Norton Show
Michael Caine,The Director's Notebook: The Cinematic Sleight of Hand of Christopher Nolan
Michael Caine,Legends
Michael Caine,The Foreign Eye
Michael Caine,Arte 1 Documenta
Michael Caine,The Prestige
Michael Caine,Children of Men
Michael Caine,The One Show
Michael Caine,50 Films to See Before You Die
Michael Caine,The Weather Man
Michael Caine,Bewitched
Michael Caine,Batman Begins
Michael Caine,The Late Late Show with Craig Ferguson
Michael Caine,Around the Bend
Michael Caine,The Statement
Michael Caine,The Making Of 'The Italian Job'
Michael Caine,Secondhand Lions
Michael Caine,The Actors
Michael Caine,Quicksand
Michael Caine,The Quiet American
Michael Caine,Austin Powers in Goldmember
Michael Caine,Last Orders
Michael Caine,Miss Congeniality
Michael Caine,Quills
Michael Caine,Get Carter
Michael Caine,Shiner
Michael Caine,The Cider House Rules
Michael Caine,The Debtors
Michael Caine,Curtain Call
Michael Caine,Little Voice
Michael Caine,Shadow Run
Michael Caine,The View
Michael Caine,"20,000 Leagues Under the Sea"
Michael Caine,Mandela and de Klerk
Michael Caine,Elle s'appelait Françoise
Michael Caine,Midnight in Saint Petersburg
Michael Caine,Blood and Wine
Michael Caine,The Daily Show
Michael Caine,Bullet to Beijing
Michael Caine,The First 100 Years: A Celebration of American Movies
Michael Caine,Inside the Actors Studio
Michael Caine,Charlie Sheen's Stunts Spectacular
Michael Caine,On Deadly Ground
Michael Caine,Michael Caine: Breaking the Mold
Michael Caine,World War II: When Lions Roared
Michael Caine,Late Night with Conan O'Brien
Michael Caine,Hollywood U.K.: British Cinema in the Sixties
Michael Caine,Sean Connery: Private
Michael Caine,The Muppet Christmas Carol
Michael Caine,Blue Ice
Michael Caine,The Tonight Show with Jay Leno
Michael Caine,Noises Off...
Michael Caine,Preminger: Anatomy of a Filmmaker
Michael Caine,Bullseye!
Michael Caine,Mr. Destiny
Michael Caine,Night of 100 Stars III
Michael Caine,A Shock to the System
Michael Caine,Jekyll & Hyde
Michael Caine,The Movie Life of George
Michael Caine,"John Huston: The Man, the Movies, the Maverick"
Michael Caine,Dirty Rotten Scoundrels
Michael Caine,Jack the Ripper
Michael Caine,LIVE with Kelly and Mark
Michael Caine,Without a Clue
Michael Caine,Surrender
Michael Caine,Acting
Michael Caine,Jaws: The Revenge
Michael Caine,The Making of Jaws The Revenge
Michael Caine,The Fourth Protocol
Michael Caine,Hero
Michael Caine,The Whistle Blower
Michael Caine,Half Moon Street
Michael Caine,Mona Lisa
Michael Caine,Sweet Liberty
Michael Caine,Hannah and Her Sisters
Michael Caine,The Holcroft Covenant
Michael Caine,Night of 100 Stars II
Michael Caine,Water
Michael Caine,The Golden Gong: The Story of Rank Films - British Cinema's Legendary Studio
Michael Caine,Terror in the Aisles
Michael Caine,The Jigsaw Man
Michael Caine,Blame It on Rio
Michael Caine,The Honorary Consul
Michael Caine,Educating Rita
Michael Caine,Monty Python's The Meaning of Life
Michael Caine,Deathtrap
Michael Caine,Escape to Victory
Michael Caine,The Hand
Michael Caine,Dressed to Kill
Michael Caine,The Island
Michael Caine,Beyond the Poseidon Adventure
Michael Caine,Ashanti
Michael Caine,California Suite
Michael Caine,The Swarm
Michael Caine,Inside 'the Swarm'
Michael Caine,A Bridge Too Far
Michael Caine,Silver Bears
Michael Caine,The Eagle Has Landed
Michael Caine,Harry and Walter Go to New York
Michael Caine,The Man Who Would Be King
Michael Caine,Peeper
Michael Caine,Rickles
Michael Caine,The Romantic Englishwoman
Michael Caine,The Wilby Conspiracy
Michael Caine,Der große Preis
Michael Caine,The Marseille Contract
Michael Caine,The Black Windmill
Michael Caine,Sleuth
Michael Caine,Pulp
Michael Caine,Kidnapped
Michael Caine,Zee and Co.
Michael Caine,V.I.P. Schaukel
Michael Caine,Get Carter
Michael Caine,The Last Valley
Michael Caine,Simon Simon
Michael Caine,Too Late the Hero
Michael Caine,Battle of Britain
Michael Caine,The Italian Job
Michael Caine,Male of the Species
Michael Caine,Male of the Species
Michael Caine,Play Dirty
Michael Caine,The Magus
Michael Caine,Deadfall
Michael Caine,The Dick Cavett Show
Michael Caine,Billion Dollar Brain
Michael Caine,Woman Times Seven
Michael Caine,Tonite Let's All Make Love in London
Michael Caine,Rowan & Martin's Laugh-In
Michael Caine,Hurry Sundown
Michael Caine,Funeral in Berlin
Michael Caine,Gambit
Michael Caine,The Wrong Box
Michael Caine,Alfie
Michael Caine,The Ipcress File
Michael Caine,Hamlet at Elsinore
Michael Caine,Zulu
Michael Caine,The Merv Griffin Show
Michael Caine,Solo for Sparrow
Michael Caine,Top Deck
Michael Caine,The Mike Douglas Show
Michael Caine,The Day the Earth Caught Fire
Michael Caine,Walk a Crooked Mile
Michael Caine,The Bulldog Breed
Michael Caine,Deadline Midnight
Michael Caine,Foxhole in Cairo
Michael Caine,Edgar Wallace Mysteries
Michael Caine,Danger Within
Michael Caine,Passport to Shame
Michael Caine,The Two-Headed Spy
Michael Caine,The Caine Mutiny Court-Martial
Michael Caine,The Adventures of William Tell
Michael Caine,Blind Spot
Michael Caine,The Key
Michael Caine,Carve Her Name with Pride
Michael Caine,How to Murder a Rich Uncle
Michael Caine,Blood Money
Michael Caine,A Hill in Korea
Michael Caine,The Adventures of Sir Lancelot
Michael Caine,Sailor Beware
Michael Caine,Armchair Theatre
Michael Caine,Tony Awards
Michael Caine,Navy Log
Michael Caine,Mark Saber
Michael Caine,The Oscars
Michael Caine,What's My Line?
Michael Caine,Morning Departure
Pete Postlethwaite,Killing Bono
Pete Postlethwaite,Return to Jurassic Park
Pete Postlethwaite,The Town
Pete Postlethwaite,Inception
Pete Postlethwaite,Clash of the Titans
Pete Postlethwaite,The Age of Stupid
Pete Postlethwaite,Solomon Kane
Pete Postlethwaite,Clough: The Brian Clough Story
Pete Postlethwaite,Waving at Trains
Pete Postlethwaite,Player
Pete Postlethwaite,Criminal Justice
Pete Postlethwaite,Closing the Ring
Pete Postlethwaite,Ghost Son
Pete Postlethwaite,The One Show
Pete Postlethwaite,The Omen
Pete Postlethwaite,Valley of the Heart's Delight
Pete Postlethwaite,Anatomy of a Global Thriller: Behind the Scenes of The Constant Gardener
Pete Postlethwaite,Beneath the Surface: The Making of 'Dark Water'
Pete Postlethwaite,Æon Flux
Pete Postlethwaite,The Constant Gardener
Pete Postlethwaite,Dark Water
Pete Postlethwaite,Red Mercury
Pete Postlethwaite,The Limit
Pete Postlethwaite,Strange Bedfellows
Pete Postlethwaite,Wilde Stories: The Nightingale and the Rose
Pete Postlethwaite,Cowboy Up
Pete Postlethwaite,Between Strangers
Pete Postlethwaite,Triggermen
Pete Postlethwaite,Round Up: Deposing 'The Usual Suspects'
Pete Postlethwaite,The Shipping News
Pete Postlethwaite,Richard & Judy
Pete Postlethwaite,Rat
Pete Postlethwaite,Victoria Wood with All the Trimmings
Pete Postlethwaite,Sins
Pete Postlethwaite,When the Sky Falls
Pete Postlethwaite,Animal Farm
Pete Postlethwaite,Wayward Son
Pete Postlethwaite,Butterfly Collectors
Pete Postlethwaite,Alice in Wonderland
Pete Postlethwaite,Lost for Words
Pete Postlethwaite,The Worlds of Harry Connick Jr.
Pete Postlethwaite,The Divine Ryans
Pete Postlethwaite,Among Giants
Pete Postlethwaite,Amistad
Pete Postlethwaite,Bandyta
Pete Postlethwaite,The Lost World: Jurassic Park
Pete Postlethwaite,The Serpent's Kiss
Pete Postlethwaite,The Making of 'The Lost World'
Pete Postlethwaite,Romeo + Juliet
Pete Postlethwaite,Brassed Off
Pete Postlethwaite,Crimetime
Pete Postlethwaite,DragonHeart
Pete Postlethwaite,James and the Giant Peach
Pete Postlethwaite,When Saturday Comes
Pete Postlethwaite,The Usual Suspects
Pete Postlethwaite,Suite 16
Pete Postlethwaite,Martin Chuzzlewit
Pete Postlethwaite,Sharpe's Enemy
Pete Postlethwaite,Sharpe's Company
Pete Postlethwaite,Sin Bin
Pete Postlethwaite,Pie in the Sky
Pete Postlethwaite,In the Name of the Father
Pete Postlethwaite,Anchoress
Pete Postlethwaite,Sharpe
Pete Postlethwaite,Shakespeare: The Animated Tales
Pete Postlethwaite,Between the Lines
Pete Postlethwaite,The Last of the Mohicans
Pete Postlethwaite,Waterland
Pete Postlethwaite,Alien³
Pete Postlethwaite,Split Second
Pete Postlethwaite,The Grass Arena
Pete Postlethwaite,They Never Slept
Pete Postlethwaite,Hamlet
Pete Postlethwaite,Needle
Pete Postlethwaite,Treasure Island
Pete Postlethwaite,Tales of Sherwood Forest
Pete Postlethwaite,The Dressmaker
Pete Postlethwaite,"Distant Voices, Still Lives"
Pete Postlethwaite,To Kill a Priest
Pete Postlethwaite,Tumbledown
Pete Postlethwaite,Coast to Coast
Pete Postlethwaite,Casualty
Pete Postlethwaite,Lovejoy
Pete Postlethwaite,Cyrano de Bergerac
Pete Postlethwaite,A Private Function
Pete Postlethwaite,Mitch
Pete Postlethwaite,Fords on Water
Pete Postlethwaite,The Muscle Market
Pete Postlethwaite,Minder
Pete Postlethwaite,Afternoon Off
Pete Postlethwaite,Doris and Doreen
Pete Postlethwaite,Going Straight
Pete Postlethwaite,The Duellists
Pete Postlethwaite,The Paradise Run
Pete Postlethwaite,Occupy!
Pete Postlethwaite,Thwum
Pete Postlethwaite,Last of the Summer Wine
Pete Postlethwaite,The Oscars
Marion Cotillard,The Ice Tower
Marion Cotillard,Lee
Marion Cotillard,Little Girl Blue
Marion Cotillard,The Inventor
Marion Cotillard,"Nicole Garcia, actrice-cinéaste"
Marion Cotillard,Extrapolations
Marion Cotillard,Asterix & Obelix: The Middle Kingdom
Marion Cotillard,One Night With Asterix & Obelix
Marion Cotillard,Beau geste
Marion Cotillard,Vestige
Marion Cotillard,Rencontre(s)
Marion Cotillard,Brother and Sister
Marion Cotillard,Charlotte
Marion Cotillard,Saddle Up For Revenge
Marion Cotillard,"Baby Annette, à l'impossible ils sont tenus"
Marion Cotillard,Annette
Marion Cotillard,Dolittle
Marion Cotillard,Little White Lies 2
Marion Cotillard,Jean Paul Gaultier : Freak & Chic
Marion Cotillard,Angel Face
Marion Cotillard,Through the Eyes of an Astronaut
Marion Cotillard,Ismael's Ghosts
Marion Cotillard,Rock'n Roll
Marion Cotillard,Assassin's Creed
Marion Cotillard,Allied
Marion Cotillard,From the Land of the Moon
Marion Cotillard,Xavier Dolan: Bound to Impossible
Marion Cotillard,It's Only the End of the World
Marion Cotillard,The Girl and the Typhoons
Marion Cotillard,April and the Extraordinary World
Marion Cotillard,Macbeth
Marion Cotillard,Unity
Marion Cotillard,The Little Prince
Marion Cotillard,Dior and I
Marion Cotillard,Variety Studio: Actors on Actors
Marion Cotillard,Comedy Central's All-Star Non-Denominational Christmas Special
Marion Cotillard,CANAL+'s 30th anniversary
Marion Cotillard,"Two Days, One Night"
Marion Cotillard,Land of the Bears
Marion Cotillard,And the Oscar Goes to...
Marion Cotillard,Anchorman 2: The Legend Continues
Marion Cotillard,The Immigrant
Marion Cotillard,The Fire Rises: The Creation and Impact of The Dark Knight Trilogy
Marion Cotillard,Mademoiselle C
Marion Cotillard,Blood Ties
Marion Cotillard,Le Débarquement
Marion Cotillard,Le Débarquement
Marion Cotillard,Wide-Awake
Marion Cotillard,Ending the Knight
Marion Cotillard,Joan of Arc at the Stake
Marion Cotillard,Gritty Melodrama: The Making of “Rust and Bone” by Jacques Audiard
Marion Cotillard,The Dark Knight Rises
Marion Cotillard,Rust and Bone
Marion Cotillard,Contagion
Marion Cotillard,Midnight in Paris
Marion Cotillard,Little White Lies
Marion Cotillard,Inception
Marion Cotillard,The Congolese Rainforests: Living on Borrowed Time
Marion Cotillard,Forehead Tittaes
Marion Cotillard,Nine
Marion Cotillard,Michael Mann: Making 'Public Enemies'
Marion Cotillard,The Last Flight
Marion Cotillard,Public Enemies
Marion Cotillard,OceanWorld 3D
Marion Cotillard,Mon Clown
Marion Cotillard,DP/30: Conversations About Movies
Marion Cotillard,Postcards From Provence
Marion Cotillard,The Graham Norton Show
Marion Cotillard,La Vie en Rose
Marion Cotillard,A Good Year
Marion Cotillard,Fair Play
Marion Cotillard,Dikkenek
Marion Cotillard,You and I
Marion Cotillard,Burnt Out
Marion Cotillard,Mary
Marion Cotillard,Edy
Marion Cotillard,Black Box
Marion Cotillard,Love Is in the Air
Marion Cotillard,Cavalcade
Marion Cotillard,Innocence
Marion Cotillard,The Late Late Show with Craig Ferguson
Marion Cotillard,A Very Long Engagement
Marion Cotillard,Big Fish
Marion Cotillard,Love Me If You Dare
Marion Cotillard,Taxi 3
Marion Cotillard,A Private Affair
Marion Cotillard,Pretty Things
Marion Cotillard,Burger Quiz
Marion Cotillard,A Woman in Danger
Marion Cotillard,Les Redoutables
Marion Cotillard,Lisa
Marion Cotillard,Taxi 2
Marion Cotillard,Blue Away to America
Marion Cotillard,Furia
Marion Cotillard,War in the Highlands
Marion Cotillard,Vivement dimanche
Marion Cotillard,Taxi
Marion Cotillard,Love Reinvented
Marion Cotillard,The Seagull
Marion Cotillard,Love Reinvented
Marion Cotillard,La Belle Verte
Marion Cotillard,The Daily Show
Marion Cotillard,Chloé
Marion Cotillard,My Sex Life... or How I Got Into an Argument
Marion Cotillard,Snuff Movie
Marion Cotillard,The Story of a Boy Who Wanted to Be Kissed
Marion Cotillard,Highlander: The Series
Marion Cotillard,Télématin
Marion Cotillard,Lucie
Marion Cotillard,Le monde des tout-petits
Tom Berenger,Vampires of the Velvet Lounge
Tom Berenger,Plan B
Tom Berenger,One More Shot
Tom Berenger,Among Wolves
Tom Berenger,Black Warrant
Tom Berenger,As Good as Dead
Tom Berenger,The Most Dangerous Game
Tom Berenger,Desperate Riders
Tom Berenger,A Tale of Two Guns
Tom Berenger,Battle of the Bulge: Winter War
Tom Berenger,Adam
Tom Berenger,Sniper: Assassin's End
Tom Berenger,Blood and Money
Tom Berenger,Supervized
Tom Berenger,Stakeout
Tom Berenger,1st Born
Tom Berenger,Brothers in Arms
Tom Berenger,American Dresser
Tom Berenger,Gone Are the Days
Tom Berenger,Wunderland
Tom Berenger,Cops and Robbers
Tom Berenger,Sniper: Ultimate Kill
Tom Berenger,Impact Earth
Tom Berenger,Sniper: Legacy
Tom Berenger,Bad Country
Tom Berenger,Lonesome Dove Church
Tom Berenger,Doc Holliday's Revenge
Tom Berenger,Reach Me
Tom Berenger,War Flowers
Tom Berenger,Hatfields & McCoys
Tom Berenger,Brake
Tom Berenger,Bucksville
Tom Berenger,Last Will
Tom Berenger,Faster
Tom Berenger,Hawaii Five-0
Tom Berenger,Inception
Tom Berenger,Sinners and Saints
Tom Berenger,Smokin' Aces 2: Assassins' Ball
Tom Berenger,Breaking Point
Tom Berenger,Silent Venom
Tom Berenger,Charlie Valentine
Tom Berenger,Amber Alert: Terror on the Highway
Tom Berenger,Stiletto
Tom Berenger,The Christmas Miracle of Jonathan Toomey
Tom Berenger,October Road
Tom Berenger,Nightmares & Dreamscapes: From the Stories of Stephen King
Tom Berenger,Into the West
Tom Berenger,Arthur Hailey's Detective
Tom Berenger,Sniper 3
Tom Berenger,Peacemakers
Tom Berenger,Sniper 2
Tom Berenger,The Junction Boys
Tom Berenger,Johnson County War
Tom Berenger,Johnson County War
Tom Berenger,Cruel and Unusual
Tom Berenger,D-Tox
Tom Berenger,True Blue
Tom Berenger,Training Day
Tom Berenger,The Hollywood Sign
Tom Berenger,A Tour of the Inferno: Revisiting 'Platoon'
Tom Berenger,Cutaway
Tom Berenger,Takedown
Tom Berenger,Turbulence 2: Fear of Flying
Tom Berenger,Diplomatic Siege
Tom Berenger,In the Company of Spies
Tom Berenger,Third Watch
Tom Berenger,One Man's Hero
Tom Berenger,A Murder of Crows
Tom Berenger,The Big Chill: A Reunion
Tom Berenger,The Directors
Tom Berenger,Shadow of Doubt
Tom Berenger,The Gingerbread Man
Tom Berenger,Ally McBeal
Tom Berenger,The View
Tom Berenger,Rough Riders
Tom Berenger,An Occasional Hell
Tom Berenger,The Substitute
Tom Berenger,Last of the Dogmen
Tom Berenger,Body Language
Tom Berenger,The Avenging Angel
Tom Berenger,The Lincoln Assassination
Tom Berenger,Chasers
Tom Berenger,Major League II
Tom Berenger,Gettysburg
Tom Berenger,Sliver
Tom Berenger,Sniper
Tom Berenger,At Play in the Fields of the Lord
Tom Berenger,Shattered
Tom Berenger,The Field
Tom Berenger,Law & Order
Tom Berenger,Dream On
Tom Berenger,Love at Large
Tom Berenger,Born on the Fourth of July
Tom Berenger,Major League
Tom Berenger,Last Rites
Tom Berenger,Betrayed
Tom Berenger,Shoot to Kill
Tom Berenger,Someone to Watch Over Me
Tom Berenger,Dear America: Letters Home from Vietnam
Tom Berenger,Platoon
Tom Berenger,If Tomorrow Comes
Tom Berenger,Rustlers' Rhapsody
Tom Berenger,Fear City
Tom Berenger,The Big Chill
Tom Berenger,Eddie and the Cruisers
Tom Berenger,Cheers
Tom Berenger,Beyond the Door
Tom Berenger,The Dogs of War
Tom Berenger,Flesh & Blood
Tom Berenger,Butch and Sundance: The Early Days
Tom Berenger,In Praise of Older Women
Tom Berenger,Rush It
Tom Berenger,Looking for Mr. Goodbar
Tom Berenger,"Johnny, We Hardly Knew Ye"
Tom Berenger,The Sentinel
Tom Berenger,Resurrection of Eve
Cillian Murphy,English
Cillian Murphy,Untitled Peaky Blinders Film
Cillian Murphy,Peaky Blinders: A Peek Behind the Curtain
Cillian Murphy,Small Things Like These
Cillian Murphy,Kensuke's Kingdom
Cillian Murphy,The Story Of Our Time: The Making Of Oppenheimer
Cillian Murphy,Oppenheimer
Cillian Murphy,Inside Christopher Nolan's Oppenheimer
Cillian Murphy,National Theatre: Misterman
Cillian Murphy,All of This Unreal Time
Cillian Murphy,A Quiet Place Part II
Cillian Murphy,Fight for First: Excel Esports
Cillian Murphy,A World of Calm
Cillian Murphy,I'm the Man
Cillian Murphy,Anna
Cillian Murphy,The Irish Revolution
Cillian Murphy,The Irish Revolution
Cillian Murphy,The Overcoat
Cillian Murphy,The Delinquent Season
Cillian Murphy,The Making of 'Dunkirk'
Cillian Murphy,The Party
Cillian Murphy,Dunkirk
Cillian Murphy,Free Fire
Cillian Murphy,How to Make a Ken Loach Film
Cillian Murphy,Anthropoid
Cillian Murphy,Versus: The Life and Films of Ken Loach
Cillian Murphy,In the Heart of the Sea
Cillian Murphy,Atlantic: The Wildest Ocean on Earth
Cillian Murphy,Ken Loach in Conversation with Cillian Murphy
Cillian Murphy,Lennon or McCartney
Cillian Murphy,Transcendence
Cillian Murphy,Late Night with Seth Meyers
Cillian Murphy,Aloft
Cillian Murphy,The Fire Rises: The Creation and Impact of The Dark Knight Trilogy
Cillian Murphy,Peaky Blinders
Cillian Murphy,Broken
Cillian Murphy,The Dark Knight Rises
Cillian Murphy,Red Lights
Cillian Murphy,In Time
Cillian Murphy,Retreat
Cillian Murphy,TRON: Legacy
Cillian Murphy,Inception
Cillian Murphy,Peacock
Cillian Murphy,Perrier's Bounty
Cillian Murphy,The Water
Cillian Murphy,The Dark Knight
Cillian Murphy,The Edge of Love
Cillian Murphy,Waveriders
Cillian Murphy,Watching the Detectives
Cillian Murphy,Sunshine
Cillian Murphy,The Silent City
Cillian Murphy,The Wind That Shakes the Barley
Cillian Murphy,The Making of 'Red Eye'
Cillian Murphy,Carry on Ken
Cillian Murphy,Breakfast on Pluto
Cillian Murphy,Red Eye
Cillian Murphy,Batman Begins
Cillian Murphy,The Late Late Show with Craig Ferguson
Cillian Murphy,Cold Mountain
Cillian Murphy,Girl with a Pearl Earring
Cillian Murphy,Intermission
Cillian Murphy,28 Days Later
Cillian Murphy,The Way We Live Now
Cillian Murphy,Disco Pigs
Cillian Murphy,How Harry Became a Tree
Cillian Murphy,On the Edge
Cillian Murphy,Watchmen
Cillian Murphy,Filleann an Feall
Cillian Murphy,A Man of Few Words
Cillian Murphy,Sunburn
Cillian Murphy,Eviction
Cillian Murphy,The Trench
Cillian Murphy,At Death's Door
Cillian Murphy,Sweety Barrett
Cillian Murphy,Golden Globe Awards
Dileep Rao,Avatar 4
Dileep Rao,Avatar: The Way of Water
Dileep Rao,Remember Amnesia
Dileep Rao,Fanboy
Dileep Rao,Extracurricular Activities
Dileep Rao,The Lie Game
Dileep Rao,Resurrect
Dileep Rao,Where You Are
Dileep Rao,Beeba Boys
Dileep Rao,Con Man
Dileep Rao,Mr. Robot
Dileep Rao,Polis
Dileep Rao,Z Nation
Dileep Rao,Murder of a Cat
Dileep Rao,Touch
Dileep Rao,The Great Gatsby in Five Minutes
Dileep Rao,Inception
Dileep Rao,Avatar
Dileep Rao,Drag Me to Hell
Dileep Rao,Childrens Hospital
Dileep Rao,Brothers and Sisters
Elliot Page,ARK: The Animated Series
Elliot Page,Slack Jaw
Elliot Page,Lioness
Elliot Page,Naya Legend of the Golden Dolphin
Elliot Page,Close to You
Elliot Page,The Freedom to Exist – A Soul of a Nation Presentation
Elliot Page,The Oprah Conversation
Elliot Page,There's Something in the Water
Elliot Page,Tales of the City
Elliot Page,The Umbrella Academy
Elliot Page,My Days of Mercy
Elliot Page,The Cured
Elliot Page,You Don't Live Here Anymore
Elliot Page,Flatliners
Elliot Page,Window Horses: The Poetic Persian Epiphany of Rosie Ming
Elliot Page,Into the Forest
Elliot Page,Tallulah
Elliot Page,Chelsea
Elliot Page,Gaycation
Elliot Page,Freeheld
Elliot Page,The Late Show with Stephen Colbert
Elliot Page,Women Who Act
Elliot Page,Tiny Detectives
Elliot Page,X-Men: Days of Future Past
Elliot Page,Late Night with Seth Meyers
Elliot Page,The Tonight Show Starring Jimmy Fallon
Elliot Page,Off Camera with Sam Jones
Elliot Page,Touchy Feely
Elliot Page,The East
Elliot Page,To Rome with Love
Elliot Page,Super
Elliot Page,2012: Time for Change
Elliot Page,Inception
Elliot Page,Peacock
Elliot Page,Vanishing of the Bees
Elliot Page,Whip It
Elliot Page,Smart People
Elliot Page,Mon Clown
Elliot Page,Juno
Elliot Page,The Stone Angel
Elliot Page,An American Crime
Elliot Page,The Tracey Fragments
Elliot Page,X-Men: The Last Stand
Elliot Page,Mouth to Mouth
Elliot Page,Hard Candy
Elliot Page,ReGenesis
Elliot Page,Wilby Wonderful
Elliot Page,The Ellen DeGeneres Show
Elliot Page,Love that Boy
Elliot Page,I Downloaded a Ghost
Elliot Page,Going for Broke
Elliot Page,Marion Bridge
Elliot Page,Homeless to Harvard: The Liz Murray Story
Elliot Page,Touch & Go
Elliot Page,Real Time with Bill Maher
Elliot Page,Mrs. Ashboro's Cat
Elliot Page,The Wet Season
Elliot Page,Rideau Hall
Elliot Page,Trailer Park Boys
Elliot Page,Pit Pony
Elliot Page,Family Guy
Elliot Page,Pit Pony
Elliot Page,The Daily Show
Elliot Page,The Simpsons
Elliot Page,LIVE with Kelly and Mark
Elliot Page,Saturday Night Live
Elliot Page,The Oscars
Tom Hardy,Untitled Peaky Blinders Film
Tom Hardy,Untitled Channing Tatum and Tom Hardy Drama
Tom Hardy,The Things They Carried
Tom Hardy,Havoc
Tom Hardy,Mad Max: The Wasteland
Tom Hardy,Shackleton
Tom Hardy,War Party
Tom Hardy,"My War Gone By, I Miss It So"
Tom Hardy,Venom 3
Tom Hardy,The Bikeriders
Tom Hardy,Predators
Tom Hardy,Spider-Man: No Way Home
Tom Hardy,Venom: Let There Be Carnage
Tom Hardy,All or Nothing: Tottenham Hotspur
Tom Hardy,Capone
Tom Hardy,Venom
Tom Hardy,Sticky
Tom Hardy,The Making of 'Dunkirk'
Tom Hardy,Going Mad: The Battle of Fury Road
Tom Hardy,Dunkirk
Tom Hardy,Taboo
Tom Hardy,The Revenant
Tom Hardy,Legend
Tom Hardy,London Road
Tom Hardy,Mad Max: Fury Road
Tom Hardy,Child 44
Tom Hardy,The Drop
Tom Hardy,Locke
Tom Hardy,The Fire Rises: The Creation and Impact of The Dark Knight Trilogy
Tom Hardy,Peaky Blinders
Tom Hardy,Heroes and Demons
Tom Hardy,Ending the Knight
Tom Hardy,Lawless
Tom Hardy,The Dark Knight Rises
Tom Hardy,This Means War
Tom Hardy,Redemption: Bringing Warrior to Life
Tom Hardy,Tinker Tailor Soldier Spy
Tom Hardy,Warrior
Tom Hardy,"Sergeant Slaughter, My Big Brother"
Tom Hardy,Inception
Tom Hardy,Wuthering Heights
Tom Hardy,The Take
Tom Hardy,Perfect
Tom Hardy,Thick as Thieves
Tom Hardy,Bronson
Tom Hardy,RocknRolla
Tom Hardy,Sucker Punch
Tom Hardy,Oliver Twist
Tom Hardy,The Inheritance
Tom Hardy,Stuart: A Life Backwards
Tom Hardy,Flood
Tom Hardy,Meadowlands
Tom Hardy,WΔZ
Tom Hardy,Scenes of a Sexual Nature
Tom Hardy,Marie Antoinette
Tom Hardy,A for Andromeda
Tom Hardy,Minotaur
Tom Hardy,The Virgin Queen
Tom Hardy,Sweeney Todd
Tom Hardy,Gideon's Daughter
Tom Hardy,Supernatural
Tom Hardy,Colditz
Tom Hardy,Colditz - Flucht in die Freiheit
Tom Hardy,Layer Cake
Tom Hardy,The Reckoning
Tom Hardy,EMR
Tom Hardy,LD 50 Lethal Dose
Tom Hardy,Dot the I
Tom Hardy,Star Trek: Nemesis
Tom Hardy,Deserter
Tom Hardy,Black Hawk Down
Tom Hardy,Band of Brothers
Tom Hardy,Get a Grip
Tom Hardy,Tommaso
Tom Hardy,GMTV
Tom Hardy,This Morning
Ken Watanabe,第三の時効
Ken Watanabe,Kensuke's Kingdom
Ken Watanabe,True Love: Making 'The Creator'
Ken Watanabe,The Creator
Ken Watanabe,Tokyo Vice
Ken Watanabe,Toubousha
Ken Watanabe,劇場の灯を消すな！PARCO劇場編
Ken Watanabe,Fukushima 50
Ken Watanabe,Godzilla: King of the Monsters
Ken Watanabe,Pokémon Detective Pikachu
Ken Watanabe,An Artist of the Floating World
Ken Watanabe,The King and I
Ken Watanabe,Bel Canto
Ken Watanabe,Isle of Dogs
Ken Watanabe,7 Guardians of the Tomb
Ken Watanabe,Segodon
Ken Watanabe,NHK WORLD PRIME
Ken Watanabe,Transformers: The Last Knight
Ken Watanabe,"Dirty, Clean, & Inbetween"
Ken Watanabe,The Memories of Happiness
Ken Watanabe,Rage
Ken Watanabe,The Sea of Trees
Ken Watanabe,Evolution Within Extinction
Ken Watanabe,Snow Jack
Ken Watanabe,Back of Father
Ken Watanabe,Transformers: Age of Extinction
Ken Watanabe,Godzilla
Ken Watanabe,Unforgiven
Ken Watanabe,Hayabusa: The Long Voyage Home
Ken Watanabe,Gyoretsuno dekiru sodanjo
Ken Watanabe,A School Behind Bars
Ken Watanabe,Inception
Ken Watanabe,Shanghai
Ken Watanabe,Cirque du Freak: The Vampire's Assistant
Ken Watanabe,The Unbroken
Ken Watanabe,Earth
Ken Watanabe,Letters from Iwo Jima
Ken Watanabe,Memories of Tomorrow
Ken Watanabe,Memoirs of a Geisha
Ken Watanabe,Batman Begins
Ken Watanabe,Year One in the North
Ken Watanabe,Vessel of Sand
Ken Watanabe,川、いつか海へ 6つの愛の物語
Ken Watanabe,The Last Samurai
Ken Watanabe,Another Battle/Conspiracy
Ken Watanabe,T.R.Y.
Ken Watanabe,横山秀夫サスペンス シリーズ (TBS)
Ken Watanabe,強行犯捜査第七係
Ken Watanabe,Dawn of a New Day: The Man Behind VHS
Ken Watanabe,Drowning Fish
Ken Watanabe,Hojo Tokimune
Ken Watanabe,Zawa-zawa Shimokita-sawa
Ken Watanabe,Ikebukuro West Gate Park
Ken Watanabe,Space Travelers
Ken Watanabe,Bonds
Ken Watanabe,"Welcome Back, Mr. McDonald"
Ken Watanabe,Gokenin Zankuro
Ken Watanabe,Baian the Assassin: Showdown
Ken Watanabe,The Fire Still Burns
Ken Watanabe,Kagi-shi
Ken Watanabe,"Hanzo, the Razor"
Ken Watanabe,Chronicle of the Town Magistrate
Ken Watanabe,Waga Machi
Ken Watanabe,Izakaya Chōji
Ken Watanabe,Ganryujima: Kojiro and Musashi
Ken Watanabe,Oda Nobunaga
Ken Watanabe,Baian the Assassin
Ken Watanabe,A Naive History of the Bakumatsu Era
Ken Watanabe,Baian the Assassin
Ken Watanabe,Yonimo Kimyou na Monogatari Tokubetsuhen
Ken Watanabe,Oda Nobunaga
Ken Watanabe,Masamune Shogun
Ken Watanabe,Commando Invasion
Ken Watanabe,The Sea and Poison
Ken Watanabe,Hanekonma
Ken Watanabe,"The Making of ""Tampopo"""
Ken Watanabe,Tampopo
Ken Watanabe,Kekkon Annai Mystery
Ken Watanabe,MacArthur's Children
Ken Watanabe,Bruce's Fists Of Vengeance
Joseph Gordon-Levitt,Endgame
Joseph Gordon-Levitt,Killer Heat
Joseph Gordon-Levitt,Nobody Nothing Nowhere
Joseph Gordon-Levitt,White Night
Joseph Gordon-Levitt,Wingmen
Joseph Gordon-Levitt,Beverly Hills Cop: Axel F
Joseph Gordon-Levitt,Greedy People
Joseph Gordon-Levitt,Once Upon a Studio
Joseph Gordon-Levitt,Flora and Son
Joseph Gordon-Levitt,Poker Face
Joseph Gordon-Levitt,Glass Onion: A Knives Out Mystery
Joseph Gordon-Levitt,Pinocchio
Joseph Gordon-Levitt,A Forest Haunt
Joseph Gordon-Levitt,Super Pumped
Joseph Gordon-Levitt,That's My Jam
Joseph Gordon-Levitt,Wolfboy and The Everything Factory
Joseph Gordon-Levitt,Star Wars: Visions
Joseph Gordon-Levitt,Mr. Corman
Joseph Gordon-Levitt,Amend: The Fight for America
Joseph Gordon-Levitt,The Trial of the Chicago 7
Joseph Gordon-Levitt,Project Power
Joseph Gordon-Levitt,Dear Class of 2020
Joseph Gordon-Levitt,Create Together
Joseph Gordon-Levitt,7500
Joseph Gordon-Levitt,Knives Out
Joseph Gordon-Levitt,Sesame Street: 50th Anniversary Celebration!
Joseph Gordon-Levitt,A Little Late with Lilly Singh
Joseph Gordon-Levitt,The Kelly Clarkson Show
Joseph Gordon-Levitt,Band Together with Logic
Joseph Gordon-Levitt,Comedy Central Roast of Bruce Willis
Joseph Gordon-Levitt,Explained
Joseph Gordon-Levitt,James Cameron's Story of Science Fiction
Joseph Gordon-Levitt,Star Wars: The Last Jedi
Joseph Gordon-Levitt,Drop the Mic
Joseph Gordon-Levitt,Comrade Detective
Joseph Gordon-Levitt,Snowden
Joseph Gordon-Levitt,Straight Outta OZ
Joseph Gordon-Levitt,The Night Before
Joseph Gordon-Levitt,The Walk
Joseph Gordon-Levitt,The Muppets
Joseph Gordon-Levitt,The Late Show with Stephen Colbert
Joseph Gordon-Levitt,Close Up with The Hollywood Reporter
Joseph Gordon-Levitt,Lip Sync Battle
Joseph Gordon-Levitt,Hot Ones
Joseph Gordon-Levitt,The Interview
Joseph Gordon-Levitt,Variety Studio: Actors on Actors
Joseph Gordon-Levitt,Sin City: A Dame to Kill For
Joseph Gordon-Levitt,Running Wild with Bear Grylls
Joseph Gordon-Levitt,The Tonight Show Starring Jimmy Fallon
Joseph Gordon-Levitt,Off Camera with Sam Jones
Joseph Gordon-Levitt,HitRECord on TV with Joseph Gordon-Levitt
Joseph Gordon-Levitt,Vinegar
Joseph Gordon-Levitt,Lady Gaga and the Muppets Holiday Spectacular
Joseph Gordon-Levitt,Don Jon
Joseph Gordon-Levitt,Lincoln: An American Journey
Joseph Gordon-Levitt,Ending the Knight
Joseph Gordon-Levitt,Lincoln
Joseph Gordon-Levitt,Looper
Joseph Gordon-Levitt,The Mindy Project
Joseph Gordon-Levitt,Premium Rush
Joseph Gordon-Levitt,The Dark Knight Rises
Joseph Gordon-Levitt,Comedy Bang! Bang!
Joseph Gordon-Levitt,50/50
Joseph Gordon-Levitt,Elektra Luxx
Joseph Gordon-Levitt,Inception: The Cobol Job
Joseph Gordon-Levitt,Dreams: Cinema of the Subconscious
Joseph Gordon-Levitt,Conan
Joseph Gordon-Levitt,Inception
Joseph Gordon-Levitt,Morgan and Destiny's Eleventeenth Date: The Zeppelin Zoo
Joseph Gordon-Levitt,Morgan M. Morgansen's Date with Destiny
Joseph Gordon-Levitt,Hesher
Joseph Gordon-Levitt,Uncertainty
Joseph Gordon-Levitt,Women in Trouble
Joseph Gordon-Levitt,G.I. Joe: The Rise of Cobra
Joseph Gordon-Levitt,(500) Days of Summer
Joseph Gordon-Levitt,Big Breaks
Joseph Gordon-Levitt,Killshot
Joseph Gordon-Levitt,Miracle at St. Anna
Joseph Gordon-Levitt,The Brothers Bloom
Joseph Gordon-Levitt,Stop-Loss
Joseph Gordon-Levitt,The Lookout
Joseph Gordon-Levitt,The Graham Norton Show
Joseph Gordon-Levitt,Building Brick
Joseph Gordon-Levitt,Escargots
Joseph Gordon-Levitt,Brick
Joseph Gordon-Levitt,Havoc
Joseph Gordon-Levitt,Made in Hollywood
Joseph Gordon-Levitt,Shadowboxer
Joseph Gordon-Levitt,Mysterious Skin
Joseph Gordon-Levitt,Numb3rs
Joseph Gordon-Levitt,Latter Days
Joseph Gordon-Levitt,Treasure Planet
Joseph Gordon-Levitt,Manic
Joseph Gordon-Levitt,Forever Lulu
Joseph Gordon-Levitt,Picking Up the Pieces
Joseph Gordon-Levitt,Teen Choice Awards
Joseph Gordon-Levitt,10 Things I Hate About You
Joseph Gordon-Levitt,That '70s Show
Joseph Gordon-Levitt,Halloween H20: 20 Years Later
Joseph Gordon-Levitt,Sweet Jane
Joseph Gordon-Levitt,The View
Joseph Gordon-Levitt,The Juror
Joseph Gordon-Levitt,3rd Rock from the Sun
Joseph Gordon-Levitt,The Outer Limits
Joseph Gordon-Levitt,The Great Elephant Escape
Joseph Gordon-Levitt,Angels in the Outfield
Joseph Gordon-Levitt,The Road Killers
Joseph Gordon-Levitt,Holy Matrimony
Joseph Gordon-Levitt,Gregory K
Joseph Gordon-Levitt,"Dr. Quinn, Medicine Woman"
Joseph Gordon-Levitt,A River Runs Through It
Joseph Gordon-Levitt,MTV Movie & TV Awards
Joseph Gordon-Levitt,Beethoven
Joseph Gordon-Levitt,The Powers That Be
Joseph Gordon-Levitt,Plymouth
Joseph Gordon-Levitt,Hi Honey - I'm Dead
Joseph Gordon-Levitt,Changes
Joseph Gordon-Levitt,Dark Shadows
Joseph Gordon-Levitt,Quantum Leap
Joseph Gordon-Levitt,Roseanne
Joseph Gordon-Levitt,LIVE with Kelly and Mark
Joseph Gordon-Levitt,China Beach
Joseph Gordon-Levitt,Stranger on My Land
Joseph Gordon-Levitt,L.A. Law
Joseph Gordon-Levitt,"Murder, She Wrote"
Joseph Gordon-Levitt,Family Ties
Joseph Gordon-Levitt,Saturday Night Live
